,st_grp,year,month,month_m,indexP,indexPlower,indexPupper,temp,humidity,precip,threshold_3,threshold_4,threshold_5,human,other,species,abundance,pir,pir_lci,pir_uci,vector_index,month_n,year_f,year_grp,all_cases,indexP_lag1,temp_lag1,vector_index_lag1,vector_index_lag2,eeev_detected
1,CT,2003,May,01/05/2003,0.029,0.012,0.059,13.296,74.86,3.877,0,0,0,,,Culiseta melanura,,,,,,5,2003,other,0,NA,NA,,,0
2,CT,2003,Jun,01/06/2003,0.277,0.124,0.577,19.01,77.097,5.614,0.448,0.038,0,,,Culiseta melanura,,,,,,6,2003,other,0,0.029,13.296,,,0
3,CT,2003,Jul,01/07/2003,0.467,0.219,0.934,22.967,73.01,2.158,1,0.705,0.304,,,Culiseta melanura,,,,,,7,2003,other,0,0.277,19.01,,,0
4,CT,2003,Aug,01/08/2003,0.508,0.23,1.078,23.286,77.46,4.678,0.963,0.733,0.553,,,Culiseta melanura,,,,,,8,2003,other,0,0.467,22.967,,,1
5,CT,2003,Sep,01/09/2003,0.239,0.104,0.533,18.384,80.132,7.169,0.271,0,0,,,Culiseta melanura,,,,,,9,2003,other,0,0.508,23.286,,,1
6,CT,2003,Oct,01/10/2003,0.009,0.004,0.02,10.706,75.625,4.236,0,0,0,,,Culiseta melanura,,,,,,10,2003,other,0,0.239,18.384,,,1
7,CT,2004,May,01/05/2004,0.099,0.044,0.192,15.497,75.961,2.684,0,0,0,,,NA,,,,,,5,2004,other,0,NA,NA,,,NA
8,CT,2004,Jun,01/06/2004,0.221,0.105,0.393,19.298,70.976,1.537,0.075,0,0,,,Culiseta melanura,,,,,,6,2004,other,0,0.099,15.497,,,0
9,CT,2004,Jul,01/07/2004,0.413,0.191,0.831,21.965,77.554,3.427,0.964,0.577,0.109,,,Culiseta melanura,,,,,,7,2004,other,0,0.221,19.298,,,0
10,CT,2004,Aug,01/08/2004,0.452,0.194,1.017,21.635,79.408,4.687,1,0.867,0.169,,,Culiseta melanura,,,,,,8,2004,other,0,0.413,21.965,,,1
11,CT,2004,Sep,01/09/2004,0.257,0.114,0.535,18.644,77.604,7.138,0.4,0.037,0,,,Culiseta melanura,,,,,,9,2004,other,0,0.452,21.635,,,1
12,CT,2004,Oct,01/10/2004,0.013,0.006,0.026,11.506,74.87,1.605,0,0,0,,,Culiseta melanura,,,,,,10,2004,other,0,0.257,18.644,,,0
13,CT,2005,May,01/05/2005,0.034,0.016,0.062,12.27,69.253,1.959,0,0,0,,,NA,,,,,,5,2005,other,0,NA,NA,,,NA
14,CT,2005,Jun,01/06/2005,0.299,0.144,0.556,20.782,76.036,2.062,0.579,0,0,,,Culiseta melanura,,,,,,6,2005,other,0,0.034,12.27,,,0
15,CT,2005,Jul,01/07/2005,0.466,0.231,0.849,22.875,75.061,3.602,1,0.903,0.194,,,Culiseta melanura,,,,,,7,2005,other,0,0.299,20.782,,,0
16,CT,2005,Aug,01/08/2005,0.414,0.21,0.722,23.493,74.746,1.695,0.931,0.589,0.121,,,Culiseta melanura,,,,,,8,2005,other,0,0.466,22.875,,,0
17,CT,2005,Sep,01/09/2005,0.286,0.137,0.54,19.879,71.932,2.521,0.404,0,0,,,Culiseta melanura,,,,,,9,2005,other,0,0.414,23.493,,,0
18,CT,2005,Oct,01/10/2005,0.044,0.019,0.096,12.253,78.175,12.252,0,0,0,,,Culiseta melanura,,,,,,10,2005,other,0,0.286,19.879,,,0
19,CT,2006,May,01/05/2006,0.052,0.023,0.099,14.354,70.539,5.1,0,0,0,,,NA,,,,,,5,2006,other,0,NA,NA,,,NA
20,CT,2006,Jun,01/06/2006,0.297,0.144,0.55,19.697,77.649,7.096,0.579,0.113,0,,,Culiseta melanura,,,,,,6,2006,other,0,0.052,14.354,,,0
21,CT,2006,Jul,01/07/2006,0.502,0.249,0.923,23.72,75.313,2.865,1,0.992,0.56,,,Culiseta melanura,,,,,,7,2006,other,0,0.297,19.697,,,0
22,CT,2006,Aug,01/08/2006,0.309,0.153,0.545,21.513,72.185,4.29,0.496,0.052,0,,,Culiseta melanura,,,,,,8,2006,other,0,0.502,23.72,,,1
23,CT,2006,Sep,01/09/2006,0.167,0.074,0.342,16.745,76.896,2.221,0,0,0,,,Culiseta melanura,,,,,,9,2006,other,0,0.309,21.513,,,0
24,CT,2006,Oct,01/10/2006,0.007,0.003,0.012,11.115,69.931,5.488,0,0,0,,,Culiseta melanura,,,,,,10,2006,other,0,0.167,16.745,,,1
25,CT,2007,May,01/05/2007,0.066,0.023,0.131,15.776,60.231,2.519,0,0,0,,,NA,,,,,,5,2007,other,0,NA,NA,,,NA
26,CT,2007,Jun,01/06/2007,0.199,0.086,0.367,19.607,70.118,4.577,0,0,0,,,Culiseta melanura,,,,,,6,2007,other,0,0.066,15.776,,,0
27,CT,2007,Jul,01/07/2007,0.329,0.161,0.575,22.004,71.878,3.497,0.617,0.056,0,,,Culiseta melanura,,,,,,7,2007,other,0,0.199,19.607,,,0
28,CT,2007,Aug,01/08/2007,0.302,0.15,0.528,21.732,71.941,2.391,0.504,0,0,,,Culiseta melanura,,,,,,8,2007,other,0,0.329,22.004,,,1
29,CT,2007,Sep,01/09/2007,0.2,0.097,0.354,18.603,70.187,1.264,0,0,0,,,Culiseta melanura,,,,,,9,2007,other,0,0.302,21.732,,,0
30,CT,2007,Oct,01/10/2007,0.079,0.037,0.146,14.823,75.171,2.655,0,0,0,,,Culiseta melanura,,,,,,10,2007,other,0,0.2,18.603,,,1
31,CT,2008,May,01/05/2008,0.034,0.009,0.071,13.467,62.062,1.828,0,0,0,,,NA,,,,,,5,2008,other,0,NA,NA,,,NA
32,CT,2008,Jun,01/06/2008,0.264,0.125,0.469,20.805,72.108,3.249,0.442,0,0,,,Culiseta melanura,,,,,,6,2008,other,0,0.034,13.467,,,0
33,CT,2008,Jul,01/07/2008,0.409,0.209,0.704,23.39,73.136,4.28,1,0.673,0,,,Culiseta melanura,,,,,,7,2008,other,0,0.264,20.805,,,0
34,CT,2008,Aug,01/08/2008,0.299,0.148,0.528,20.342,73.366,2.978,0.367,0.04,0,,,Culiseta melanura,,,,,,8,2008,other,0,0.409,23.39,,,0
35,CT,2008,Sep,01/09/2008,0.185,0.085,0.36,18.086,77.261,7.227,0,0,0,,,Culiseta melanura,,,,,,9,2008,other,0,0.299,20.342,,,0
36,CT,2008,Oct,01/10/2008,0.007,0.003,0.015,10.453,71.768,2.095,0,0,0,,,Culiseta melanura,,,,,,10,2008,other,0,0.185,18.086,,,0
37,CT,2009,May,01/05/2009,0.046,0.021,0.085,14.767,71.575,2.809,0,0,0,,,NA,,,,,,5,2009,other,0,NA,NA,,,NA
38,CT,2009,Jun,01/06/2009,0.257,0.107,0.602,18.02,79.72,5.131,0.408,0,0,,,Culiseta melanura,,,,,,6,2009,other,0,0.046,14.767,,,0
39,CT,2009,Jul,01/07/2009,0.372,0.174,0.741,20.854,77.1,7.042,0.96,0.274,0.04,,,Culiseta melanura,,,,,,7,2009,other,0,0.257,18.02,,,0
40,CT,2009,Aug,01/08/2009,0.465,0.214,0.957,22.592,77.297,2.005,1,0.698,0.415,,,Culiseta melanura,,,,,,8,2009,other,0,0.372,20.854,,,1
41,CT,2009,Sep,01/09/2009,0.156,0.073,0.299,16.767,75.353,1.617,0.037,0,0,,,Culiseta melanura,,,,,,9,2009,other,0,0.465,22.592,,,1
42,CT,2009,Oct,01/10/2009,0.002,0.001,0.003,10.602,74.873,4.317,0,0,0,,,Culiseta melanura,,,,,,10,2009,other,1,0.156,16.767,,,1
43,CT,2010,May,01/05/2010,0.091,0.038,0.17,16.504,64.998,1.551,0,0,0,,,NA,,,,,,5,2010,other,0,NA,NA,,,NA
44,CT,2010,Jun,01/06/2010,0.284,0.135,0.501,21.148,72.176,1.749,0.304,0,0,,,Culiseta melanura,,,,,,6,2010,other,0,0.091,16.504,,,0
45,CT,2010,Jul,01/07/2010,0.435,0.214,0.752,24.552,69.642,1.851,1,0.81,0.04,,,Culiseta melanura,,,,,,7,2010,other,0,0.284,21.148,,,0
46,CT,2010,Aug,01/08/2010,0.328,0.157,0.573,22.512,71.048,1.988,0.754,0.028,0,,,Culiseta melanura,,,,,,8,2010,other,0,0.435,24.552,,,1
47,CT,2010,Sep,01/09/2010,0.187,0.085,0.336,19.506,70.976,1.605,0,0,0,,,Culiseta melanura,,,,,,9,2010,other,0,0.328,22.512,,,1
48,CT,2010,Oct,01/10/2010,0.019,0.009,0.035,12.106,70.404,2.061,0,0,0,,,Culiseta melanura,,,,,,10,2010,other,0,0.187,19.506,,,0
49,CT,2011,May,01/05/2011,0.108,0.051,0.201,15.71,74.437,3.455,0,0,0,,,Culiseta melanura,,,,,,5,2011,other,0,NA,NA,,,0
50,CT,2011,Jun,01/06/2011,0.276,0.136,0.483,19.911,72.028,4.788,0.325,0,0,,,Culiseta melanura,,,,,,6,2011,other,0,0.108,15.71,,,0
51,CT,2011,Jul,01/07/2011,0.391,0.19,0.679,24.054,69.674,1.575,1,0.44,0,,,Culiseta melanura,,,,,,7,2011,other,0,0.276,19.911,,,0
52,CT,2011,Aug,01/08/2011,0.397,0.196,0.718,22.235,74.499,8.635,1,0.444,0,,,Culiseta melanura,,,,,,8,2011,other,0,0.391,24.054,,,0
53,CT,2011,Sep,01/09/2011,0.272,0.122,0.564,19.451,79.132,5.611,0.383,0,0,,,Culiseta melanura,,,,,,9,2011,other,0,0.397,22.235,,,1
54,CT,2011,Oct,01/10/2011,0.046,0.021,0.087,12.134,71.548,3.585,0,0,0,,,Culiseta melanura,,,,,,10,2011,other,0,0.272,19.451,,,1
55,CT,2012,May,01/05/2012,0.105,0.05,0.187,16.771,73.677,2.744,0,0,0,,,NA,,,,,,5,2012,other,0,NA,NA,,,NA
56,CT,2012,Jun,01/06/2012,0.241,0.107,0.438,19.614,69.841,3.538,0.008,0,0,,,Culiseta melanura,,,,,,6,2012,other,0,0.105,16.771,,,0
57,CT,2012,Jul,01/07/2012,0.388,0.177,0.698,23.753,69.642,2.898,0.968,0.379,0.06,,,Culiseta melanura,,,,,,7,2012,other,0,0.241,19.614,,,0
58,CT,2012,Aug,01/08/2012,0.399,0.2,0.709,22.856,73.372,2.832,0.903,0.48,0.028,,,Culiseta melanura,,,,,,8,2012,other,0,0.388,23.753,,,1
59,CT,2012,Sep,01/09/2012,0.179,0.086,0.319,18.027,74.29,3.946,0,0,0,,,Culiseta melanura,,,,,,9,2012,other,0,0.399,22.856,,,1
60,CT,2012,Oct,01/10/2012,0.023,0.01,0.043,13.381,74.176,2.883,0,0,0,,,Culiseta melanura,,,,,,10,2012,other,1,0.179,18.027,,,0
61,CT,2013,May,01/05/2013,0.081,0.038,0.145,15.063,70.481,2.699,0,0,0,,,NA,,,,,,5,2013,other,0,NA,NA,,,NA
62,CT,2013,Jun,01/06/2013,0.319,0.153,0.597,20.165,74.444,7.916,0.483,0.283,0.079,,,Culiseta melanura,,,,,,6,2013,other,0,0.081,15.063,,,0
63,CT,2013,Jul,01/07/2013,0.546,0.271,1.005,24.776,75.584,2.462,1,0.903,0.613,,,Culiseta melanura,,,,,,7,2013,other,0,0.319,20.165,,,1
64,CT,2013,Aug,01/08/2013,0.313,0.155,0.547,21.016,73.891,2.412,0.681,0,0,,,Culiseta melanura,,,,,,8,2013,other,0,0.546,24.776,,,1
65,CT,2013,Sep,01/09/2013,0.164,0.078,0.294,16.922,73.215,2.145,0.029,0,0,,,Culiseta melanura,,,,,,9,2013,other,1,0.313,21.016,,,1
66,CT,2013,Oct,01/10/2013,0.019,0.008,0.035,12.298,71.538,0.9,0,0,0,,,Culiseta melanura,,,,,,10,2013,other,1,0.164,16.922,,,1
67,CT,2014,May,01/05/2014,0.059,0.023,0.114,15.251,65.847,3.39,0,0,0,,,NA,,,,,,5,2014,other,0,NA,NA,,,NA
68,CT,2014,Jun,01/06/2014,0.223,0.102,0.401,20,69.192,1.369,0.029,0,0,,,Culiseta melanura,,,,,,6,2014,other,0,0.059,15.251,,,0
69,CT,2014,Jul,01/07/2014,0.326,0.159,0.572,22.571,70.821,2.913,0.851,0,0,,,Culiseta melanura,,,,,,7,2014,other,0,0.223,20,,,0
70,CT,2014,Aug,01/08/2014,0.271,0.131,0.475,20.788,71.152,2.276,0.024,0,0,,,Culiseta melanura,,,,,,8,2014,other,0,0.326,22.571,,,0
71,CT,2014,Sep,01/09/2014,0.159,0.076,0.281,18.043,72.911,1.02,0,0,0,,,Culiseta melanura,,,,,,9,2014,other,0,0.271,20.788,,,0
72,CT,2014,Oct,01/10/2014,0.038,0.016,0.074,12.998,74.346,2.931,0,0,0,,,Culiseta melanura,,,,,,10,2014,other,0,0.159,18.043,,,0
73,CT,2015,May,01/05/2015,0.084,0.026,0.171,17.344,62.251,1.199,0,0,0,,,NA,,,,,,5,2015,other,0,NA,NA,,,NA
74,CT,2015,Jun,01/06/2015,0.229,0.109,0.404,19.087,71.378,3.637,0.104,0,0,,,Culiseta melanura,,,,,,6,2015,other,0,0.084,17.344,,,0
75,CT,2015,Jul,01/07/2015,0.332,0.157,0.588,23.052,70.459,1.427,0.806,0.016,0,,,Culiseta melanura,,,,,,7,2015,other,0,0.229,19.087,,,0
76,CT,2015,Aug,01/08/2015,0.365,0.175,0.642,23.017,70.035,1.336,0.94,0.202,0,,,Culiseta melanura,,,,,,8,2015,other,0,0.332,23.052,,,0
77,CT,2015,Sep,01/09/2015,0.224,0.106,0.397,20.265,71.206,2.905,0.171,0.013,0,,,Culiseta melanura,,,,,,9,2015,other,0,0.365,23.017,,,0
78,CT,2015,Oct,01/10/2015,0.01,0.004,0.018,11.451,67.738,1.653,0,0,0,,,Culiseta melanura,,,,,,10,2015,other,0,0.224,20.265,,,0
79,CT,2016,May,01/05/2016,0.063,0.018,0.131,15.398,65.167,2.166,0,0,0,,,Culiseta melanura,,,,,,5,2016,other,0,NA,NA,,,0
80,CT,2016,Jun,01/06/2016,0.194,0.058,0.394,20.414,62.912,1.071,0.008,0,0,,,Culiseta melanura,,,,,,6,2016,other,0,0.063,15.398,,,0
81,CT,2016,Jul,01/07/2016,0.366,0.161,0.664,24.131,68.774,2.368,0.887,0.274,0,,,Culiseta melanura,,,,,,7,2016,other,0,0.194,20.414,,,0
82,CT,2016,Aug,01/08/2016,0.415,0.201,0.724,24.167,70.495,2.515,0.984,0.633,0.012,,,Culiseta melanura,,,,,,8,2016,other,0,0.366,24.131,,,0
83,CT,2016,Sep,01/09/2016,0.231,0.108,0.415,19.748,71.532,1.417,0.167,0,0,,,Culiseta melanura,,,,,,9,2016,other,0,0.415,24.167,,,1
84,CT,2016,Oct,01/10/2016,0.024,0.01,0.047,12.49,73.363,2.47,0,0,0,,,Culiseta melanura,,,,,,10,2016,other,0,0.231,19.748,,,0
85,CT,2017,May,01/05/2017,0.048,0.021,0.089,14.439,69.78,3.857,0,0,0,,,NA,,,,,,5,2017,other,0,NA,NA,,,NA
86,CT,2017,Jun,01/06/2017,0.251,0.121,0.443,20.151,69.849,2.449,0.254,0.004,0,,,Culiseta melanura,,,,,,6,2017,other,0,0.048,14.439,,,0
87,CT,2017,Jul,01/07/2017,0.388,0.195,0.678,22.492,73.593,3.033,1,0.331,0,,,Culiseta melanura,,,,,,7,2017,other,0,0.251,20.151,,,0
88,CT,2017,Aug,01/08/2017,0.313,0.155,0.552,21.227,74.457,1.776,0.56,0.04,0,,,Culiseta melanura,,,,,,8,2017,other,0,0.388,22.492,,,0
89,CT,2017,Sep,01/09/2017,0.263,0.124,0.495,19.29,75.535,1.687,0.15,0,0,,,Culiseta melanura,,,,,,9,2017,other,0,0.313,21.227,,,0
90,CT,2017,Oct,01/10/2017,0.121,0.056,0.225,15.462,75.576,6.013,0,0,0,,,Culiseta melanura,,,,,,10,2017,other,0,0.263,19.29,,,1
91,CT,2018,May,01/05/2018,0.13,0.061,0.236,17.02,71.058,1.84,0,0,0,,,NA,,,,,,5,2018,other,0,NA,NA,,,NA
92,CT,2018,Jun,01/06/2018,0.247,0.12,0.435,19.63,71.384,2.6,0.2,0,0,,,Culiseta melanura,,,,,,6,2018,other,0,0.13,17.02,,,0
93,CT,2018,Jul,01/07/2018,0.505,0.242,0.993,23.739,75.01,3.954,1,0.778,0.431,,,Culiseta melanura,,,,,,7,2018,other,0,0.247,19.63,,,0
94,CT,2018,Aug,01/08/2018,0.646,0.271,1.599,23.987,79.753,3.87,1,1,0.952,,,Culiseta melanura,,,,,,8,2018,other,0,0.505,23.739,,,0
95,CT,2018,Sep,01/09/2018,0.45,0.161,1.384,19.387,83.301,6.441,0.958,0.683,0.304,,,Culiseta melanura,,,,,,9,2018,other,0,0.646,23.987,,,1
96,CT,2018,Oct,01/10/2018,0.037,0.014,0.104,11.76,78.721,3.278,0,0,0,,,Culiseta melanura,,,,,,10,2018,other,0,0.45,19.387,,,1
97,CT,2019,May,01/05/2019,0.051,0.02,0.098,14.608,70.173,3.549,0,0,0,,,NA,,,,,,5,2019,2019,0,NA,NA,,,NA
98,CT,2019,Jun,01/06/2019,0.244,0.117,0.429,20.031,70.248,2.716,0.258,0,0,,,Culiseta melanura,,,,,,6,2019,2019,0,0.051,14.608,,,0
99,CT,2019,Jul,01/07/2019,0.418,0.207,0.721,24.487,70.96,2.708,1,0.722,0,,,Culiseta melanura,,,,,,7,2019,2019,0,0.244,20.031,,,1
100,CT,2019,Aug,01/08/2019,0.37,0.183,0.661,22.119,73.064,2.758,0.944,0.31,0,,,Culiseta melanura,,,,,,8,2019,2019,7,0.418,24.487,,,1
101,CT,2019,Sep,01/09/2019,0.192,0.09,0.356,18.058,74.595,1.537,0.021,0,0,,,Culiseta melanura,,,,,,9,2019,2019,3,0.37,22.119,,,1
102,CT,2019,Oct,01/10/2019,0.022,0.01,0.04,12.941,76.297,5.41,0,0,0,,,Culiseta melanura,,,,,,10,2019,2019,0,0.192,18.058,,,1
103,CT,2020,May,01/05/2020,0.045,0.016,0.089,14.142,63.365,2.368,0,0,0,,,NA,,,,,,5,2020,other,0,NA,NA,,,NA
104,CT,2020,Jun,01/06/2020,0.279,0.132,0.501,20.717,69.906,2.07,0.358,0.121,0.008,,,NA,,,,,,6,2020,other,0,0.045,14.142,,,NA
105,CT,2020,Jul,01/07/2020,0.519,0.259,0.947,24.535,74.603,1.89,1,1,0.629,,,NA,,,,,,7,2020,other,0,0.279,20.717,,,NA
106,CT,2020,Aug,01/08/2020,0.402,0.203,0.698,23.131,72.374,1.385,0.98,0.488,0.06,,,NA,,,,,,8,2020,other,0,0.519,24.535,,,NA
107,CT,2020,Sep,01/09/2020,0.163,0.077,0.291,18.364,71.779,1.485,0.021,0,0,,,NA,,,,,,9,2020,other,0,0.402,23.131,,,NA
108,CT,2020,Oct,01/10/2020,0.03,0.013,0.058,12.433,77.243,3.815,0,0,0,,,NA,,,,,,10,2020,other,0,0.163,18.364,,,NA
109,MA,2003,May,01/05/2003,0.021,0.009,0.04,12.648,75.108,3.417,0,0,0,,,Culiseta melanura,,,,,,5,2003,other,0,NA,NA,,,0
110,MA,2003,Jun,01/06/2003,0.293,0.13,0.632,18.455,79.087,4.373,0.46,0.176,0.044,,,Culiseta melanura,,,,,,6,2003,other,0,0.021,12.648,,,0
111,MA,2003,Jul,01/07/2003,0.529,0.244,1.097,22.902,75.185,2.175,1,0.886,0.589,,,Culiseta melanura,,,,,,7,2003,other,0,0.293,18.455,,,0
112,MA,2003,Aug,01/08/2003,0.532,0.242,1.159,22.903,77.8,3.588,0.933,0.703,0.525,,,Culiseta melanura,,,,,,8,2003,other,0,0.529,22.902,,,1
113,MA,2003,Sep,01/09/2003,0.236,0.108,0.472,18.06,79.736,4.34,0.191,0,0,,,Culiseta melanura,,,,,,9,2003,other,3,0.532,22.903,,,1
114,MA,2003,Oct,01/10/2003,0.008,0.004,0.015,10.769,75.055,4.874,0,0,0,,,Culiseta melanura,,,,,,10,2003,other,2,0.236,18.06,,,0
115,MA,2004,May,01/05/2004,0.066,0.031,0.12,14.784,72.414,2.996,0,0,0,,,Culiseta melanura,,,,,,5,2004,other,0,NA,NA,,,0
116,MA,2004,Jun,01/06/2004,0.188,0.082,0.345,18.59,67.567,1.613,0,0,0,,,Culiseta melanura,,,,,,6,2004,other,0,0.066,14.784,,,0
117,MA,2004,Jul,01/07/2004,0.361,0.178,0.643,21.214,75.486,2.866,0.826,0.303,0,,,Culiseta melanura,,,,,,7,2004,other,1,0.188,18.59,,,1
118,MA,2004,Aug,01/08/2004,0.377,0.184,0.697,21.314,75.821,3.848,0.978,0.318,0,,,Culiseta melanura,,,,,,8,2004,other,2,0.361,21.214,,,1
119,MA,2004,Sep,01/09/2004,0.214,0.101,0.403,17.583,76.421,6.489,0.158,0,0,,,Culiseta melanura,,,,,,9,2004,other,6,0.377,21.314,,,1
120,MA,2004,Oct,01/10/2004,0.008,0.004,0.015,10.8,74.366,1.39,0,0,0,,,Culiseta melanura,,,,,,10,2004,other,4,0.214,17.583,,,1
121,MA,2005,May,01/05/2005,0.022,0.01,0.041,11.235,70.633,3.225,0,0,0,,,Culiseta melanura,,,,,,5,2005,other,0,NA,NA,,,0
122,MA,2005,Jun,01/06/2005,0.284,0.14,0.508,20.306,74.186,2.23,0.476,0.013,0,,,Culiseta melanura,,,,,,6,2005,other,0,0.022,11.235,,,0
123,MA,2005,Jul,01/07/2005,0.417,0.207,0.724,22.54,71.445,2.974,0.989,0.594,0.056,,,Culiseta melanura,,,,,,7,2005,other,0,0.284,20.306,,,1
124,MA,2005,Aug,01/08/2005,0.38,0.19,0.653,22.785,72.555,2.812,0.908,0.398,0.017,,,Culiseta melanura,,,,,,8,2005,other,6,0.417,22.54,,,1
125,MA,2005,Sep,01/09/2005,0.256,0.124,0.457,19.097,70.735,2.629,0.251,0,0,,,Culiseta melanura,,,,,,9,2005,other,3,0.38,22.785,,,1
126,MA,2005,Oct,01/10/2005,0.036,0.015,0.081,11.63,78.055,11.053,0,0,0,,,Culiseta melanura,,,,,,10,2005,other,0,0.256,19.097,,,0
127,MA,2006,May,01/05/2006,0.038,0.018,0.073,13.187,74.561,7.522,0,0,0,,,Culiseta melanura,,,,,,5,2006,other,0,NA,NA,,,0
128,MA,2006,Jun,01/06/2006,0.297,0.143,0.552,18.946,79.804,7.754,0.514,0.145,0,,,Culiseta melanura,,,,,,6,2006,other,0,0.038,13.187,,,0
129,MA,2006,Jul,01/07/2006,0.482,0.244,0.847,23.062,75.646,3.142,1,0.935,0.359,,,Culiseta melanura,,,,,,7,2006,other,1,0.297,18.946,,,1
130,MA,2006,Aug,01/08/2006,0.295,0.144,0.521,20.432,73.071,3.209,0.425,0.03,0.008,,,Culiseta melanura,,,,,,8,2006,other,4,0.482,23.062,,,1
131,MA,2006,Sep,01/09/2006,0.143,0.066,0.28,16.179,76.999,2.397,0,0,0,,,Culiseta melanura,,,,,,9,2006,other,6,0.295,20.432,,,1
132,MA,2006,Oct,01/10/2006,0.005,0.002,0.009,10.694,70.546,4.181,0,0,0,,,Culiseta melanura,,,,,,10,2006,other,1,0.143,16.179,,,1
133,MA,2007,May,01/05/2007,0.053,0.021,0.1,14.704,61.063,2.854,0,0,0,,,Culiseta melanura,,,,,,5,2007,other,0,NA,NA,,,0
134,MA,2007,Jun,01/06/2007,0.191,0.086,0.346,18.659,71.002,2.323,0,0,0,,,Culiseta melanura,,,,,,6,2007,other,0,0.053,14.704,,,0
135,MA,2007,Jul,01/07/2007,0.344,0.171,0.594,21.314,73.81,3.379,0.7,0.165,0,,,Culiseta melanura,,,,,,7,2007,other,0,0.191,18.659,,,1
136,MA,2007,Aug,01/08/2007,0.286,0.138,0.497,21.148,70.487,1.06,0.381,0.028,0,,,Culiseta melanura,,,,,,8,2007,other,0,0.344,21.314,,,1
137,MA,2007,Sep,01/09/2007,0.181,0.087,0.318,17.817,70.901,1.959,0,0,0,,,Culiseta melanura,,,,,,9,2007,other,0,0.286,21.148,,,1
138,MA,2007,Oct,01/10/2007,0.052,0.024,0.095,13.746,75.795,2.635,0,0,0,,,Culiseta melanura,,,,,,10,2007,other,0,0.181,17.817,,,1
139,MA,2008,May,01/05/2008,0.026,0.008,0.055,12.625,62.492,1.724,0,0,0,,,NA,,,,,,5,2008,other,0,NA,NA,,,NA
140,MA,2008,Jun,01/06/2008,0.258,0.123,0.458,19.732,73.538,2.935,0.361,0.02,0,,,Culiseta melanura,,,,,,6,2008,other,0,0.026,12.625,,,0
141,MA,2008,Jul,01/07/2008,0.422,0.213,0.738,22.534,75.066,5.401,1,0.748,0.023,,,Culiseta melanura,,,,,,7,2008,other,0,0.258,19.732,,,0
142,MA,2008,Aug,01/08/2008,0.307,0.148,0.565,19.651,75.327,2.845,0.41,0.131,0,,,Culiseta melanura,,,,,,8,2008,other,0,0.422,22.534,,,1
143,MA,2008,Sep,01/09/2008,0.165,0.076,0.318,17.195,78.449,6.475,0.059,0,0,,,Culiseta melanura,,,,,,9,2008,other,2,0.307,19.651,,,1
144,MA,2008,Oct,01/10/2008,0.005,0.002,0.01,10.059,71.845,1.953,0,0,0,,,Culiseta melanura,,,,,,10,2008,other,0,0.165,17.195,,,0
145,MA,2009,May,01/05/2009,0.035,0.014,0.067,14.194,70.503,2.657,0,0,0,,,NA,,,,,,5,2009,other,0,NA,NA,,,NA
146,MA,2009,Jun,01/06/2009,0.21,0.086,0.51,16.773,80.179,4.278,0.218,0.041,0,,,Culiseta melanura,,,,,,6,2009,other,0,0.035,14.194,,,0
147,MA,2009,Jul,01/07/2009,0.358,0.168,0.71,20.008,78.272,6.756,0.753,0.231,0.082,,,Culiseta melanura,,,,,,7,2009,other,0,0.21,16.773,,,1
148,MA,2009,Aug,01/08/2009,0.442,0.211,0.862,21.801,78.478,3.302,0.968,0.658,0.254,,,Culiseta melanura,,,,,,8,2009,other,0,0.358,20.008,,,1
149,MA,2009,Sep,01/09/2009,0.128,0.06,0.238,15.907,76.115,1.924,0.008,0,0,,,Culiseta melanura,,,,,,9,2009,other,1,0.442,21.801,,,1
150,MA,2009,Oct,01/10/2009,0.003,0.001,0.006,9.939,75.915,4.616,0,0,0,,,Culiseta melanura,,,,,,10,2009,other,2,0.128,15.907,,,1
151,MA,2010,May,01/05/2010,0.081,0.035,0.149,15.833,63.99,1.346,0.004,0,0,,,Culiseta melanura,,,,,,5,2010,other,0,NA,NA,,,0
152,MA,2010,Jun,01/06/2010,0.271,0.128,0.478,20.004,73.813,1.525,0.267,0,0,,,Culiseta melanura,,,,,,6,2010,other,0,0.081,15.833,,,0
153,MA,2010,Jul,01/07/2010,0.417,0.198,0.732,23.883,68.963,1.398,0.998,0.62,0.078,,,Culiseta melanura,,,,,,7,2010,other,2,0.271,20.004,,,1
154,MA,2010,Aug,01/08/2010,0.317,0.148,0.56,21.853,70.468,2.044,0.744,0,0,,,Culiseta melanura,,,,,,8,2010,other,3,0.417,23.883,,,1
155,MA,2010,Sep,01/09/2010,0.188,0.088,0.334,18.823,72.053,1.631,0.008,0,0,,,Culiseta melanura,,,,,,9,2010,other,0,0.317,21.853,,,1
156,MA,2010,Oct,01/10/2010,0.018,0.008,0.032,11.555,71.002,2.794,0,0,0,,,Culiseta melanura,,,,,,10,2010,other,0,0.188,18.823,,,0
157,MA,2011,May,01/05/2011,0.079,0.037,0.153,14.476,77.013,2.457,0,0,0,,,NA,,,,,,5,2011,other,0,NA,NA,,,NA
158,MA,2011,Jun,01/06/2011,0.259,0.128,0.456,18.511,74.373,4.397,0.247,0.024,0,,,Culiseta melanura,,,,,,6,2011,other,0,0.079,14.476,,,0
159,MA,2011,Jul,01/07/2011,0.401,0.2,0.688,23.281,71.159,1.736,0.991,0.562,0,,,Culiseta melanura,,,,,,7,2011,other,0,0.259,18.511,,,1
160,MA,2011,Aug,01/08/2011,0.403,0.199,0.745,21.556,76.447,6.34,0.992,0.522,0,,,Culiseta melanura,,,,,,8,2011,other,1,0.401,23.281,,,1
161,MA,2011,Sep,01/09/2011,0.268,0.12,0.572,18.576,80.371,4.785,0.335,0.02,0,,,Culiseta melanura,,,,,,9,2011,other,0,0.403,21.556,,,1
162,MA,2011,Oct,01/10/2011,0.049,0.022,0.092,12.059,73.595,5.942,0,0,0,,,Culiseta melanura,,,,,,10,2011,other,1,0.268,18.576,,,1
163,MA,2012,May,01/05/2012,0.094,0.045,0.169,15.603,75.499,3.459,0,0,0,,,NA,,,,,,5,2012,other,0,NA,NA,,,NA
164,MA,2012,Jun,01/06/2012,0.237,0.112,0.422,18.523,72.976,3.382,0.084,0,0,,,Culiseta melanura,,,,,,6,2012,other,0,0.094,15.603,,,0
165,MA,2012,Jul,01/07/2012,0.378,0.172,0.677,23.059,69.272,2.123,0.996,0.275,0.011,,,Culiseta melanura,,,,,,7,2012,other,1,0.237,18.523,,,1
166,MA,2012,Aug,01/08/2012,0.411,0.207,0.72,22.526,74.262,3.449,0.926,0.537,0.101,,,Culiseta melanura,,,,,,8,2012,other,6,0.378,23.059,,,1
167,MA,2012,Sep,01/09/2012,0.174,0.085,0.309,17.262,75.723,3.769,0.027,0,0,,,Culiseta melanura,,,,,,9,2012,other,6,0.411,22.526,,,1
168,MA,2012,Oct,01/10/2012,0.016,0.007,0.031,12.842,76.455,2.973,0,0,0,,,Culiseta melanura,,,,,,10,2012,other,1,0.174,17.262,,,1
169,MA,2013,May,01/05/2013,0.068,0.032,0.12,14.374,71.683,3.624,0,0,0,,,NA,,,,,,5,2013,other,0,NA,NA,,,NA
170,MA,2013,Jun,01/06/2013,0.3,0.147,0.54,19.433,74.782,7.546,0.412,0.227,0.075,,,Culiseta melanura,,,,,,6,2013,other,0,0.068,14.374,,,0
171,MA,2013,Jul,01/07/2013,0.544,0.271,0.996,23.876,77.838,2.828,1,0.877,0.632,,,Culiseta melanura,,,,,,7,2013,other,1,0.3,19.433,,,0
172,MA,2013,Aug,01/08/2013,0.305,0.151,0.531,20.506,73.032,2.466,0.516,0,0,,,Culiseta melanura,,,,,,8,2013,other,3,0.544,23.876,,,1
173,MA,2013,Sep,01/09/2013,0.154,0.074,0.277,16.536,73.944,2.177,0.045,0,0,,,Culiseta melanura,,,,,,9,2013,other,1,0.305,20.506,,,1
174,MA,2013,Oct,01/10/2013,0.015,0.007,0.028,11.683,72.472,0.955,0,0,0,,,Culiseta melanura,,,,,,10,2013,other,0,0.154,16.536,,,1
175,MA,2014,May,01/05/2014,0.045,0.019,0.082,14.128,68.034,2.43,0,0,0,,,NA,,,,,,5,2014,other,0,NA,NA,,,NA
176,MA,2014,Jun,01/06/2014,0.206,0.092,0.373,19.138,68.262,2.195,0.047,0,0,,,Culiseta melanura,,,,,,6,2014,other,0,0.045,14.128,,,0
177,MA,2014,Jul,01/07/2014,0.361,0.179,0.63,21.977,73.963,4.556,0.947,0.175,0,,,Culiseta melanura,,,,,,7,2014,other,0,0.206,19.138,,,1
178,MA,2014,Aug,01/08/2014,0.293,0.147,0.513,19.853,74.25,2.321,0.406,0,0,,,Culiseta melanura,,,,,,8,2014,other,1,0.361,21.977,,,1
179,MA,2014,Sep,01/09/2014,0.151,0.073,0.272,17.126,75.567,1.111,0.055,0,0,,,Culiseta melanura,,,,,,9,2014,other,0,0.293,19.853,,,1
180,MA,2014,Oct,01/10/2014,0.029,0.013,0.055,12.57,77.708,4.813,0,0,0,,,Culiseta melanura,,,,,,10,2014,other,1,0.151,17.126,,,0
181,MA,2015,May,01/05/2015,0.074,0.026,0.146,16.369,63.971,1.045,0,0,0,,,NA,,,,,,5,2015,other,0,NA,NA,,,NA
182,MA,2015,Jun,01/06/2015,0.215,0.104,0.373,17.818,73.11,4.525,0.047,0,0,,,Culiseta melanura,,,,,,6,2015,other,0,0.074,16.369,,,0
183,MA,2015,Jul,01/07/2015,0.349,0.176,0.592,22.106,72.799,2.001,0.901,0.047,0,,,Culiseta melanura,,,,,,7,2015,other,0,0.215,17.818,,,0
184,MA,2015,Aug,01/08/2015,0.405,0.204,0.7,22.223,73.777,2.203,1,0.44,0.066,,,Culiseta melanura,,,,,,8,2015,other,0,0.349,22.106,,,0
185,MA,2015,Sep,01/09/2015,0.232,0.115,0.407,19.187,74.634,3.689,0.312,0.018,0,,,Culiseta melanura,,,,,,9,2015,other,0,0.405,22.223,,,0
186,MA,2015,Oct,01/10/2015,0.007,0.003,0.013,10.747,69.89,2.27,0,0,0,,,Culiseta melanura,,,,,,10,2015,other,0,0.232,19.187,,,0
187,MA,2016,May,01/05/2016,0.056,0.022,0.106,14.115,67.909,2.161,0,0,0,,,NA,,,,,,5,2016,other,0,NA,NA,,,NA
188,MA,2016,Jun,01/06/2016,0.193,0.073,0.369,19.106,66.196,1.129,0.008,0,0,,,Culiseta melanura,,,,,,6,2016,other,0,0.056,14.115,,,0
189,MA,2016,Jul,01/07/2016,0.363,0.168,0.644,23.042,69.879,1.787,0.861,0.26,0,,,Culiseta melanura,,,,,,7,2016,other,0,0.193,19.106,,,0
190,MA,2016,Aug,01/08/2016,0.403,0.202,0.686,23.126,71.258,1.773,0.987,0.493,0.061,,,Culiseta melanura,,,,,,8,2016,other,0,0.363,23.042,,,0
191,MA,2016,Sep,01/09/2016,0.233,0.114,0.412,18.545,75.076,1.985,0.265,0.055,0,,,Culiseta melanura,,,,,,9,2016,other,0,0.403,23.126,,,0
192,MA,2016,Oct,01/10/2016,0.015,0.007,0.029,11.826,76.423,4.31,0,0,0,,,NA,,,,,,10,2016,other,0,0.233,18.545,,,NA
193,MA,2017,May,01/05/2017,0.035,0.016,0.064,13.197,72.797,3.916,0,0,0,,,NA,,,,,,5,2017,other,0,NA,NA,,,NA
194,MA,2017,Jun,01/06/2017,0.241,0.112,0.431,19.593,69.799,3.115,0.278,0,0,,,Culiseta melanura,,,,,,6,2017,other,0,0.035,13.197,,,0
195,MA,2017,Jul,01/07/2017,0.377,0.188,0.666,21.445,75.078,2.351,0.994,0.302,0,,,Culiseta melanura,,,,,,7,2017,other,0,0.241,19.593,,,0
196,MA,2017,Aug,01/08/2017,0.302,0.15,0.527,20.638,74.237,2.097,0.501,0.03,0,,,Culiseta melanura,,,,,,8,2017,other,0,0.377,21.445,,,1
197,MA,2017,Sep,01/09/2017,0.268,0.124,0.523,18.616,78.039,3.539,0.19,0.047,0.016,,,Culiseta melanura,,,,,,9,2017,other,0,0.302,20.638,,,0
198,MA,2017,Oct,01/10/2017,0.11,0.052,0.2,15.039,76.136,4.741,0,0,0,,,Culiseta melanura,,,,,,10,2017,other,0,0.268,18.616,,,0
199,MA,2018,May,01/05/2018,0.103,0.048,0.184,16.073,71.456,1.511,0,0,0,,,NA,,,,,,5,2018,other,0,NA,NA,,,NA
200,MA,2018,Jun,01/06/2018,0.233,0.109,0.414,18.833,71.913,3.093,0.182,0.024,0,,,Culiseta melanura,,,,,,6,2018,other,0,0.103,16.073,,,0
201,MA,2018,Jul,01/07/2018,0.458,0.224,0.83,23.283,73.385,2.879,0.985,0.666,0.294,,,Culiseta melanura,,,,,,7,2018,other,0,0.233,18.833,,,0
202,MA,2018,Aug,01/08/2018,0.573,0.272,1.142,23.573,79.115,3.892,1,0.992,0.736,,,Culiseta melanura,,,,,,8,2018,other,0,0.458,23.283,,,0
203,MA,2018,Sep,01/09/2018,0.338,0.149,0.743,18.959,80.697,5.323,0.655,0.3,0.016,,,Culiseta melanura,,,,,,9,2018,other,1,0.573,23.573,,,1
204,MA,2018,Oct,01/10/2018,0.027,0.012,0.059,11.145,75.832,3.945,0,0,0,,,Culiseta melanura,,,,,,10,2018,other,1,0.338,18.959,,,0
205,MA,2019,May,01/05/2019,0.034,0.013,0.064,13.2,70.491,2.711,0,0,0,,,NA,,,,,,5,2019,2019,0,NA,NA,,,NA
206,MA,2019,Jun,01/06/2019,0.222,0.103,0.392,18.985,70.803,3.829,0.194,0,0,,,Culiseta melanura,,,,,,6,2019,2019,0,0.034,13.2,,,0
207,MA,2019,Jul,01/07/2019,0.406,0.196,0.706,23.789,70.489,3.22,0.998,0.56,0.008,,,Culiseta melanura,,,,,,7,2019,2019,1,0.222,18.985,,,1
208,MA,2019,Aug,01/08/2019,0.348,0.171,0.602,21.693,72.084,2.289,0.776,0.156,0,,,Culiseta melanura,,,,,,8,2019,2019,12,0.406,23.789,,,1
209,MA,2019,Sep,01/09/2019,0.164,0.079,0.289,17.503,72.709,1.573,0.002,0,0,,,Culiseta melanura,,,,,,9,2019,2019,9,0.348,21.693,,,1
210,MA,2019,Oct,01/10/2019,0.018,0.008,0.032,12.489,76.154,5.139,0,0,0,,,Culiseta melanura,,,,,,10,2019,2019,0,0.164,17.503,,,1
211,MA,2020,May,01/05/2020,0.042,0.015,0.082,13.756,62.529,1.954,0,0,0,,,NA,,,,,,5,2020,other,0,NA,NA,,,NA
212,MA,2020,Jun,01/06/2020,0.275,0.127,0.498,20.064,70.52,2.022,0.335,0.124,0,,,NA,,,,,,6,2020,other,0,0.042,13.756,,,NA
213,MA,2020,Jul,01/07/2020,0.496,0.246,0.898,23.66,75.202,1.663,1,0.972,0.454,,,NA,,,,,,7,2020,other,1,0.275,20.064,,,NA
214,MA,2020,Aug,01/08/2020,0.383,0.191,0.658,22.393,72.327,1.605,0.905,0.385,0.04,,,NA,,,,,,8,2020,other,3,0.496,23.66,,,NA
215,MA,2020,Sep,01/09/2020,0.159,0.076,0.279,17.839,72.199,1.738,0.027,0,0,,,NA,,,,,,9,2020,other,1,0.383,22.393,,,NA
216,MA,2020,Oct,01/10/2020,0.026,0.012,0.047,11.889,77.743,3.58,0,0,0,,,NA,,,,,,10,2020,other,0,0.159,17.839,,,NA
217,NY,2003,May,01/05/2003,0.028,0.011,0.066,13.001,74.007,3.913,0,0,0,,,NA,,,,,,5,2003,other,0,NA,NA,,,NA
218,NY,2003,Jun,01/06/2003,0.263,0.119,0.555,18.321,75.212,4.28,0.413,0.05,0.003,,,NA,,,,,,6,2003,other,0,0.028,13.001,,,NA
219,NY,2003,Jul,01/07/2003,0.441,0.203,0.917,21.759,72.902,2.869,0.981,0.55,0.212,,,NA,,,,,,7,2003,other,0,0.263,18.321,,,NA
220,NY,2003,Aug,01/08/2003,0.519,0.223,1.223,22.054,78.242,3.18,0.954,0.767,0.515,,,NA,,,,,,8,2003,other,0,0.441,21.759,,,NA
221,NY,2003,Sep,01/09/2003,0.209,0.09,0.463,17.35,78.872,3.889,0.201,0.063,0.015,,,NA,,,,,,9,2003,other,2,0.519,22.054,,,NA
222,NY,2003,Oct,01/10/2003,0.008,0.003,0.016,9.611,74.934,3.407,0,0,0,,,NA,,,,,,10,2003,other,5,0.209,17.35,,,NA
223,NY,2004,May,01/05/2004,0.124,0.054,0.263,15.794,74.692,3.914,0.017,0.002,0,,,NA,,,,,,5,2004,other,0,NA,NA,,,NA
224,NY,2004,Jun,01/06/2004,0.23,0.106,0.42,18.403,71.342,2.118,0.091,0,0,,,NA,,,,,,6,2004,other,0,0.124,15.794,,,NA
225,NY,2004,Jul,01/07/2004,0.439,0.187,1.032,20.976,78.581,5.345,0.93,0.608,0.256,,,NA,,,,,,7,2004,other,1,0.23,18.403,,,NA
226,NY,2004,Aug,01/08/2004,0.44,0.181,1.094,20.183,79.108,4.037,0.995,0.603,0.225,,,NA,,,,,,8,2004,other,2,0.439,20.976,,,NA
227,NY,2004,Sep,01/09/2004,0.25,0.106,0.576,17.779,78.348,4.997,0.404,0.105,0.017,,,NA,,,,,,9,2004,other,3,0.44,20.183,,,NA
228,NY,2004,Oct,01/10/2004,0.008,0.003,0.016,10.491,76.829,1.492,0,0,0,,,NA,,,,,,10,2004,other,2,0.25,17.779,,,NA
229,NY,2005,May,01/05/2005,0.039,0.017,0.07,12.022,65.292,1.033,0,0,0,,,NA,,,,,,5,2005,other,0,NA,NA,,,NA
230,NY,2005,Jun,01/06/2005,0.339,0.166,0.605,21.5,73.225,2.885,0.667,0.261,0.003,,,NA,,,,,,6,2005,other,0,0.039,12.022,,,NA
231,NY,2005,Jul,01/07/2005,0.477,0.239,0.839,22.859,72.999,3.451,1,0.922,0.33,,,NA,,,,,,7,2005,other,1,0.339,21.5,,,NA
232,NY,2005,Aug,01/08/2005,0.379,0.187,0.657,22.593,71.944,3.317,0.894,0.388,0.023,,,NA,,,,,,8,2005,other,2,0.477,22.859,,,NA
233,NY,2005,Sep,01/09/2005,0.251,0.119,0.46,18.71,71.582,2.437,0.218,0.001,0,,,NA,,,,,,9,2005,other,0,0.379,22.593,,,NA
234,NY,2005,Oct,01/10/2005,0.028,0.012,0.059,11.02,79.111,7.398,0,0,0,,,NA,,,,,,10,2005,other,1,0.251,18.71,,,NA
235,NY,2006,May,01/05/2006,0.047,0.021,0.089,14.278,67.643,2.883,0,0,0,,,NA,,,,,,5,2006,other,0,NA,NA,,,NA
236,NY,2006,Jun,01/06/2006,0.267,0.129,0.471,18.981,74.321,4.9,0.356,0.031,0,,,NA,,,,,,6,2006,other,0,0.047,14.278,,,NA
237,NY,2006,Jul,01/07/2006,0.46,0.232,0.793,23.009,72.81,4.621,0.997,0.87,0.244,,,NA,,,,,,7,2006,other,0,0.267,18.981,,,NA
238,NY,2006,Aug,01/08/2006,0.315,0.15,0.566,20.729,71.842,3.398,0.536,0.06,0,,,NA,,,,,,8,2006,other,2,0.46,23.009,,,NA
239,NY,2006,Sep,01/09/2006,0.146,0.06,0.33,15.776,77.407,3.072,0.039,0,0,,,NA,,,,,,9,2006,other,3,0.315,20.729,,,NA
240,NY,2006,Oct,01/10/2006,0.005,0.002,0.009,9.627,72.201,4.359,0,0,0,,,NA,,,,,,10,2006,other,0,0.146,15.776,,,NA
241,NY,2007,May,01/05/2007,0.06,0.018,0.122,15.062,57.852,1.254,0,0,0,,,NA,,,,,,5,2007,other,0,NA,NA,,,NA
242,NY,2007,Jun,01/06/2007,0.213,0.082,0.4,19.801,66.872,2.83,0,0,0,,,NA,,,,,,6,2007,other,0,0.06,15.062,,,NA
243,NY,2007,Jul,01/07/2007,0.313,0.148,0.549,20.723,70.849,3.501,0.545,0.086,0,,,NA,,,,,,7,2007,other,0,0.213,19.801,,,NA
244,NY,2007,Aug,01/08/2007,0.306,0.148,0.533,21.078,71.133,2.44,0.543,0.015,0,,,NA,,,,,,8,2007,other,0,0.313,20.723,,,NA
245,NY,2007,Sep,01/09/2007,0.199,0.095,0.352,17.804,70.995,2.011,0,0,0,,,NA,,,,,,9,2007,other,0,0.306,21.078,,,NA
246,NY,2007,Oct,01/10/2007,0.065,0.03,0.121,13.968,74.462,3.265,0,0,0,,,NA,,,,,,10,2007,other,0,0.199,17.804,,,NA
247,NY,2008,May,01/05/2008,0.03,0.01,0.06,12.525,63.472,1.661,0,0,0,,,NA,,,,,,5,2008,other,0,NA,NA,,,NA
248,NY,2008,Jun,01/06/2008,0.26,0.122,0.459,20.341,71.691,3.057,0.329,0.001,0,,,NA,,,,,,6,2008,other,0,0.03,12.525,,,NA
249,NY,2008,Jul,01/07/2008,0.392,0.191,0.702,22.012,72.163,3.851,0.97,0.373,0.032,,,NA,,,,,,7,2008,other,0,0.26,20.341,,,NA
250,NY,2008,Aug,01/08/2008,0.301,0.141,0.565,19.434,73.308,3.165,0.421,0.078,0.013,,,NA,,,,,,8,2008,other,0,0.392,22.012,,,NA
251,NY,2008,Sep,01/09/2008,0.153,0.071,0.286,17.17,75.867,3.07,0.01,0,0,,,NA,,,,,,9,2008,other,3,0.301,19.434,,,NA
252,NY,2008,Oct,01/10/2008,0.005,0.002,0.009,9.163,71.407,3.074,0,0,0,,,NA,,,,,,10,2008,other,2,0.153,17.17,,,NA
253,NY,2009,May,01/05/2009,0.032,0.012,0.062,14.074,65.69,3.172,0,0,0,,,NA,,,,,,5,2009,other,0,NA,NA,,,NA
254,NY,2009,Jun,01/06/2009,0.223,0.101,0.45,17.651,75.435,4.67,0.173,0.019,0.001,,,NA,,,,,,6,2009,other,0,0.032,14.074,,,NA
255,NY,2009,Jul,01/07/2009,0.316,0.152,0.581,19.566,74.695,4.287,0.539,0.1,0.01,,,NA,,,,,,7,2009,other,0,0.223,17.651,,,NA
256,NY,2009,Aug,01/08/2009,0.415,0.194,0.822,21.061,76.405,3.218,0.949,0.545,0.127,,,NA,,,,,,8,2009,other,3,0.316,19.566,,,NA
257,NY,2009,Sep,01/09/2009,0.123,0.055,0.243,15.764,75.874,1.872,0.018,0,0,,,NA,,,,,,9,2009,other,5,0.415,21.061,,,NA
258,NY,2009,Oct,01/10/2009,0.003,0.001,0.005,9.216,74.924,3.234,0,0,0,,,NA,,,,,,10,2009,other,1,0.123,15.764,,,NA
259,NY,2010,May,01/05/2010,0.089,0.038,0.162,16.037,65.591,1.332,0,0,0,,,NA,,,,,,5,2010,other,0,NA,NA,,,NA
260,NY,2010,Jun,01/06/2010,0.292,0.141,0.508,19.76,73.201,2.574,0.354,0.008,0,,,NA,,,,,,6,2010,other,0,0.089,16.037,,,NA
261,NY,2010,Jul,01/07/2010,0.427,0.208,0.738,23.252,69.922,1.994,1,0.711,0.049,,,NA,,,,,,7,2010,other,0,0.292,19.76,,,NA
262,NY,2010,Aug,01/08/2010,0.351,0.173,0.61,21.527,72.473,1.843,0.828,0.164,0.002,,,NA,,,,,,8,2010,other,4,0.427,23.252,,,NA
263,NY,2010,Sep,01/09/2010,0.149,0.07,0.269,17.383,73.428,2.306,0.001,0,0,,,NA,,,,,,9,2010,other,6,0.351,21.527,,,NA
264,NY,2010,Oct,01/10/2010,0.009,0.004,0.017,10.442,72.181,2.548,0,0,0,,,NA,,,,,,10,2010,other,1,0.149,17.383,,,NA
265,NY,2011,May,01/05/2011,0.118,0.056,0.216,15.652,73.621,4.156,0.014,0,0,,,NA,,,,,,5,2011,other,0,NA,NA,,,NA
266,NY,2011,Jun,01/06/2011,0.285,0.14,0.495,19.535,71.215,2.867,0.254,0.001,0,,,NA,,,,,,6,2011,other,0,0.118,15.652,,,NA
267,NY,2011,Jul,01/07/2011,0.395,0.184,0.696,23.492,67.698,1.677,0.965,0.491,0.023,,,NA,,,,,,7,2011,other,2,0.285,19.535,,,NA
268,NY,2011,Aug,01/08/2011,0.414,0.197,0.797,20.941,75.414,6.357,0.999,0.577,0.046,,,NA,,,,,,8,2011,other,11,0.395,23.492,,,NA
269,NY,2011,Sep,01/09/2011,0.246,0.1,0.602,17.958,81.064,5.238,0.294,0.054,0.004,,,NA,,,,,,9,2011,other,2,0.414,20.941,,,NA
270,NY,2011,Oct,01/10/2011,0.029,0.012,0.062,10.717,75.17,3.06,0,0,0,,,NA,,,,,,10,2011,other,0,0.246,17.958,,,NA
271,NY,2012,May,01/05/2012,0.108,0.049,0.197,16.906,70.354,2.976,0,0,0,,,NA,,,,,,5,2012,other,0,NA,NA,,,NA
272,NY,2012,Jun,01/06/2012,0.264,0.114,0.481,19.51,69.423,2.485,0.161,0,0,,,NA,,,,,,6,2012,other,0,0.108,16.906,,,NA
273,NY,2012,Jul,01/07/2012,0.38,0.163,0.69,23.206,67.554,2.282,0.961,0.296,0.038,,,NA,,,,,,7,2012,other,1,0.264,19.51,,,NA
274,NY,2012,Aug,01/08/2012,0.362,0.179,0.635,21.502,71.767,2.134,0.792,0.272,0.044,,,NA,,,,,,8,2012,other,1,0.38,23.206,,,NA
275,NY,2012,Sep,01/09/2012,0.148,0.071,0.266,16.64,74.332,3.607,0.017,0,0,,,NA,,,,,,9,2012,other,0,0.362,21.502,,,NA
276,NY,2012,Oct,01/10/2012,0.011,0.005,0.021,11.723,76.63,3.21,0,0,0,,,NA,,,,,,10,2012,other,0,0.148,16.64,,,NA
277,NY,2013,May,01/05/2013,0.07,0.03,0.129,15.312,64.923,3.267,0,0,0,,,NA,,,,,,5,2013,other,0,NA,NA,,,NA
278,NY,2013,Jun,01/06/2013,0.292,0.141,0.529,19.062,73.445,5.517,0.413,0.219,0.022,,,NA,,,,,,6,2013,other,0,0.07,15.312,,,NA
279,NY,2013,Jul,01/07/2013,0.483,0.239,0.871,23.056,74.696,3.399,0.985,0.725,0.445,,,NA,,,,,,7,2013,other,0,0.292,19.062,,,NA
280,NY,2013,Aug,01/08/2013,0.302,0.148,0.531,20.14,73.634,2.615,0.511,0.009,0,,,NA,,,,,,8,2013,other,0,0.483,23.056,,,NA
281,NY,2013,Sep,01/09/2013,0.146,0.068,0.274,15.795,73.998,2.506,0.037,0.001,0,,,NA,,,,,,9,2013,other,1,0.302,20.14,,,NA
282,NY,2013,Oct,01/10/2013,0.017,0.007,0.032,11.635,72.49,2.141,0,0,0,,,NA,,,,,,10,2013,other,0,0.146,15.795,,,NA
283,NY,2014,May,01/05/2014,0.069,0.027,0.13,15.104,65.375,2.934,0,0,0,,,NA,,,,,,5,2014,other,0,NA,NA,,,NA
284,NY,2014,Jun,01/06/2014,0.258,0.124,0.45,19.945,69.851,3.218,0.311,0,0,,,NA,,,,,,6,2014,other,0,0.069,15.104,,,NA
285,NY,2014,Jul,01/07/2014,0.336,0.167,0.584,21.052,72.026,4.153,0.906,0.02,0,,,NA,,,,,,7,2014,other,1,0.258,19.945,,,NA
286,NY,2014,Aug,01/08/2014,0.311,0.149,0.569,19.87,74.106,2.646,0.641,0.002,0,,,NA,,,,,,8,2014,other,2,0.336,21.052,,,NA
287,NY,2014,Sep,01/09/2014,0.15,0.07,0.278,16.852,74.709,1.32,0.021,0,0,,,NA,,,,,,9,2014,other,10,0.311,19.87,,,NA
288,NY,2014,Oct,01/10/2014,0.026,0.011,0.047,12.055,73.357,2.728,0,0,0,,,NA,,,,,,10,2014,other,1,0.15,16.852,,,NA
289,NY,2015,May,01/05/2015,0.101,0.037,0.195,17.403,62.401,2.289,0,0,0,,,NA,,,,,,5,2015,other,0,NA,NA,,,NA
290,NY,2015,Jun,01/06/2015,0.275,0.131,0.499,18.689,74.553,5.126,0.355,0.014,0,,,NA,,,,,,6,2015,other,0,0.101,17.403,,,NA
291,NY,2015,Jul,01/07/2015,0.334,0.158,0.589,21.687,70.969,2.58,0.881,0.031,0,,,NA,,,,,,7,2015,other,0,0.275,18.689,,,NA
292,NY,2015,Aug,01/08/2015,0.362,0.171,0.642,21.249,70.952,2.168,0.953,0.177,0,,,NA,,,,,,8,2015,other,1,0.334,21.687,,,NA
293,NY,2015,Sep,01/09/2015,0.221,0.106,0.392,19.282,73.428,3.508,0.28,0.01,0,,,NA,,,,,,9,2015,other,2,0.362,21.249,,,NA
294,NY,2015,Oct,01/10/2015,0.007,0.003,0.014,10.131,70.123,2.456,0,0,0,,,NA,,,,,,10,2015,other,0,0.221,19.282,,,NA
295,NY,2016,May,01/05/2016,0.058,0.018,0.115,14.651,65.191,2.052,0,0,0,,,NA,,,,,,5,2016,other,0,NA,NA,,,NA
296,NY,2016,Jun,01/06/2016,0.198,0.059,0.398,19.57,62.718,1.858,0.018,0,0,,,NA,,,,,,6,2016,other,0,0.058,14.651,,,NA
297,NY,2016,Jul,01/07/2016,0.365,0.157,0.66,22.925,68.09,2.74,0.838,0.277,0.008,,,NA,,,,,,7,2016,other,0,0.198,19.57,,,NA
298,NY,2016,Aug,01/08/2016,0.44,0.22,0.761,23.093,72.372,2.806,1,0.833,0.101,,,NA,,,,,,8,2016,other,0,0.365,22.925,,,NA
299,NY,2016,Sep,01/09/2016,0.229,0.112,0.401,18.538,72.038,1.807,0.28,0,0,,,NA,,,,,,9,2016,other,0,0.44,23.093,,,NA
300,NY,2016,Oct,01/10/2016,0.021,0.01,0.039,11.5,75.042,3.608,0,0,0,,,NA,,,,,,10,2016,other,0,0.229,18.538,,,NA
301,NY,2017,May,01/05/2017,0.042,0.018,0.078,13.601,70.5,4.154,0,0,0,,,NA,,,,,,5,2017,other,0,NA,NA,,,NA
302,NY,2017,Jun,01/06/2017,0.263,0.126,0.464,19.307,70.277,3.278,0.311,0.03,0.001,,,NA,,,,,,6,2017,other,0,0.042,13.601,,,NA
303,NY,2017,Jul,01/07/2017,0.41,0.199,0.751,21.468,74.968,3.569,0.998,0.516,0.068,,,NA,,,,,,7,2017,other,0,0.263,19.307,,,NA
304,NY,2017,Aug,01/08/2017,0.306,0.149,0.553,20.023,74.015,2.344,0.533,0.1,0.006,,,NA,,,,,,8,2017,other,0,0.41,21.468,,,NA
305,NY,2017,Sep,01/09/2017,0.241,0.111,0.473,17.92,76.774,1.835,0.08,0,0,,,NA,,,,,,9,2017,other,0,0.306,20.023,,,NA
306,NY,2017,Oct,01/10/2017,0.08,0.036,0.148,14.04,72.881,3.885,0.003,0,0,,,NA,,,,,,10,2017,other,0,0.241,17.92,,,NA
307,NY,2018,May,01/05/2018,0.125,0.053,0.241,17.239,66.909,2.075,0.003,0,0,,,NA,,,,,,5,2018,other,0,NA,NA,,,NA
308,NY,2018,Jun,01/06/2018,0.254,0.113,0.459,19.157,69.972,2.514,0.197,0.002,0,,,NA,,,,,,6,2018,other,0,0.125,17.239,,,NA
309,NY,2018,Jul,01/07/2018,0.434,0.205,0.799,23.137,70.241,3.532,0.99,0.563,0.189,,,NA,,,,,,7,2018,other,0,0.254,19.157,,,NA
310,NY,2018,Aug,01/08/2018,0.588,0.255,1.361,22.628,79.058,3.872,1,0.993,0.836,,,NA,,,,,,8,2018,other,0,0.434,23.137,,,NA
311,NY,2018,Sep,01/09/2018,0.405,0.152,1.167,18.733,81.266,3.841,0.729,0.487,0.263,,,NA,,,,,,9,2018,other,2,0.588,22.628,,,NA
312,NY,2018,Oct,01/10/2018,0.023,0.008,0.06,10.386,77.943,3.075,0.008,0.002,0.001,,,NA,,,,,,10,2018,other,1,0.405,18.733,,,NA
313,NY,2019,May,01/05/2019,0.043,0.019,0.081,13.768,73.175,3.804,0,0,0,,,NA,,,,,,5,2019,2019,0,NA,NA,,,NA
314,NY,2019,Jun,01/06/2019,0.235,0.109,0.419,18.913,69.36,3.802,0.214,0.021,0,,,NA,,,,,,6,2019,2019,0,0.043,13.768,,,NA
315,NY,2019,Jul,01/07/2019,0.427,0.212,0.741,23.213,72.086,2.984,1,0.695,0.088,,,NA,,,,,,7,2019,2019,0,0.235,18.913,,,NA
316,NY,2019,Aug,01/08/2019,0.352,0.174,0.63,20.683,72.927,2.708,0.789,0.186,0.033,,,NA,,,,,,8,2019,2019,6,0.427,23.213,,,NA
317,NY,2019,Sep,01/09/2019,0.181,0.085,0.339,17.393,74.684,1.812,0.032,0.001,0,,,NA,,,,,,9,2019,2019,2,0.352,20.683,,,NA
318,NY,2019,Oct,01/10/2019,0.015,0.007,0.029,11.72,76.715,5.111,0,0,0,,,NA,,,,,,10,2019,2019,2,0.181,17.393,,,NA
319,NY,2020,May,01/05/2020,0.049,0.016,0.098,13.624,62.428,1.881,0,0,0,,,NA,,,,,,5,2020,other,0,NA,NA,,,NA
320,NY,2020,Jun,01/06/2020,0.252,0.1,0.468,20.154,66.112,1.735,0.226,0.027,0.001,,,NA,,,,,,6,2020,other,0,0.049,13.624,,,NA
321,NY,2020,Jul,01/07/2020,0.472,0.236,0.815,23.943,71.411,3.176,1,0.959,0.241,,,NA,,,,,,7,2020,other,3,0.252,20.154,,,NA
322,NY,2020,Aug,01/08/2020,0.382,0.186,0.689,21.571,72.568,3.099,0.907,0.334,0.081,,,NA,,,,,,8,2020,other,5,0.472,23.943,,,NA
323,NY,2020,Sep,01/09/2020,0.129,0.06,0.237,16.78,72.531,1.974,0.025,0.002,0,,,NA,,,,,,9,2020,other,0,0.382,21.571,,,NA
324,NY,2020,Oct,01/10/2020,0.015,0.006,0.034,10.759,76.041,2.645,0,0,0,,,NA,,,,,,10,2020,other,0,0.129,16.78,,,NA