name,fasta_name,state,date,year,new,county,site
14117-19,14117-19_S75_2019|2019-09-23,Connecticut,23/09/2019,2019,TRUE,New_Haven,Bethany
11403-19,11403-19_S64_2019|2019-08-27,Connecticut,27/08/2019,2019,TRUE,Middlesex,Chester
14149-19,14149-19_S76_2019|2019-09-23,Connecticut,23/09/2019,2019,TRUE,Middlesex,Chester
10229-19,10229-19-19_S57_2019|2019-08-19,Connecticut,19/08/2019,2019,TRUE,Middlesex,Chester
14759-19,14759-19_S80_2019|2019-09-30,Connecticut,30/09/2019,2019,TRUE,New_London,East_Lyme
12004-19,12004-19_S68_2019|2019-08-29,Connecticut,29/08/2019,2019,TRUE,New_London,Groton
10529-19,10529-19_S59_2019|2019-08-20,Connecticut,20/08/2019,2019,TRUE,Middlesex,Haddam
10084-19,10084-19_S56_2019|2019-08-15,Connecticut,15/08/2019,2019,TRUE,Windham,Hampton
14661-19,14661-19_S79_2019|2019-09-26,Connecticut,26/09/2019,2019,TRUE,Windham,Hampton
14098-17,14098-17_S47_2017|2017-10-11,Connecticut,11/10/2017,2017,TRUE,Windham,Hampton
14229-17,14229-17_S49_2017|2017-10-25,Connecticut,25/10/2017,2017,TRUE,Windham,Hampton
17667-18,17667-18_S50_2018|2018-09-19,Connecticut,19/09/2018,2018,TRUE,Windham,Hampton
10278-19,10278-19_S58_2019|2019-08-19,Connecticut,19/08/2019,2019,TRUE,Middlesex,Killingworth
12670-19,12670-19_S71_2019|2019-09-05,Connecticut,05/09/2019,2019,TRUE,New_London,Ledyard
15347-19,15347-19_S82_2019|2019-10-10,Connecticut,10/10/2019,2019,TRUE,New_London,Ledyard
19350-18,19350-18_S53_2018|2018-10-09,Connecticut,09/10/2018,2018,TRUE,New_London,Ledyard
11716-19,11716-19_S66_2019|2019-08-28,Connecticut,28/08/2019,2019,TRUE,New_Haven,Madison
15191-19,15191-19_S81_2019|2019-10-07,Connecticut,07/10/2019,2019,TRUE,New_Haven,Madison
9180-19,9180-19_S55_2019|2019-08-08,Connecticut,08/08/2019,2019,TRUE,New_Haven,Madison
15435-19,15435-19_S83_2019|2019-10-17,Connecticut,17/10/2019,2019,TRUE,Fairfield,Monroe
10838-19,10838-19_S61_2019|2019-08-21,Connecticut,21/08/2019,2019,TRUE,New_London,North_Stonington
13289-19,13289-19_S72_2019|2019-09-11,Connecticut,11/09/2019,2019,TRUE,New_London,North_Stonington
18341-18,18341-18_S51_2018|2018-09-26,Connecticut,26/09/2018,2018,TRUE,New_London,North_Stonington
14275-19,14275-19_S74_2019|2019-09-23,Connecticut,23/09/2019,2019,TRUE,New_London,Old_Lyme
11548-19,11548-19_S65_2019|2019-08-27,Connecticut,27/08/2019,2019,TRUE,Windham,Plainfield
18694-18,18694-18_S52_2018|2018-10-01,Connecticut,01/10/2018,2018,TRUE,Windham,Plainfield
11309-19,11309-19_S63_2019|2019-08-26,Connecticut,26/08/2019,2019,TRUE,Fairfield,Shelton
13866-19,13866-19_S73_2019|2019-09-17,Connecticut,17/09/2019,2019,TRUE,Hartford,South_Windsor
14311-19,14311-19_S78_2019|2019-09-23,Connecticut,23/09/2019,2019,TRUE,Fairfield,Stamford
10579-19,10579-19_S60_2019|2019-08-20,Connecticut,20/08/2019,2019,TRUE,New_London,Stonington
12388-19,12388-19_S69_2019|2019-09-03,Connecticut,03/09/2019,2019,TRUE,New_London,Stonington
19VX2817,19VX2817_S42_2019|2019-08-28,Connecticut,28/08/2019,2019,TRUE,Tolland,Tolland
8117-19,8117-19_S54_2019|2019-07-31,Connecticut,31/07/2019,2019,TRUE,New_London,Voluntown
10898-19,10898-19_S62_2019|2019-08-21,Connecticut,21/08/2019,2019,TRUE,New_London,Voluntown
11854-19,11854-19_S67_2019|2019-08-28,Connecticut,28/08/2019,2019,TRUE,New_London,Voluntown
12606-19,12606-19_S70_2019|2019-09-04,Connecticut,04/09/2019,2019,TRUE,New_London,Voluntown
11357-16,11357-16_S45_2016|2016-09-12,Connecticut,12/09/2016,2016,TRUE,New_London,Voluntown
13966-17,13966-17_S46_2017|2017-10-05,Connecticut,05/10/2017,2017,TRUE,New_London,Voluntown
KJ469575.1,KJ469575_1996|1996,Connecticut,,1996,FALSE,,
KJ469563.1,KJ469563_1996|1996,Connecticut,,1996,FALSE,,
KJ469612.1,KJ469612_1998|1998,Connecticut,,1998,FALSE,,
KJ469608.1,KJ469608_1998|1998,Connecticut,,1998,FALSE,,
KJ469633.1,KJ469633_2000|2000,Connecticut,,2000,FALSE,,
KJ469570.1,KJ469570_2001|2001,Connecticut,,2001,FALSE,,
KJ469613.1,KJ469613_2003|2003,Connecticut,,2003,FALSE,,
KJ469606.1,KJ469606_2004|2004,Connecticut,,2004,FALSE,,
KJ469584.1,KJ469584_2004|2004,Connecticut,,2004,FALSE,,
KJ469628.1,KJ469628_2001|2001,Connecticut,,2001,FALSE,,
KJ469642.1,KJ469642_2003|2003,Connecticut,,2003,FALSE,,
KJ469582.1,KJ469582_2003|2003,Connecticut,,2003,FALSE,,
KJ469583.1,KJ469583_1934|1934,Delaware,,1934,FALSE,,
KJ469638.1,KJ469638_1989|1989,Delaware,,1989,FALSE,,
KJ469599.1,KJ469599_1960|1960,Florida,,1960,FALSE,,
KU840369.1,KU840369_1986|1986-01-02,Florida,02/01/1986,1986,FALSE,Jefferson_County,
KU840378.1,KU840378_1994|1994-04-06,Florida,06/04/1994,1994,FALSE,Volusia_County,
EF151502.1,EF151502_1993|1993,Florida,,1993,FALSE,,
U01034.1,U01034_1982|1982,Florida,,1982,FALSE,,
KU840335.1,KU840335_2002|2002-12-18,Florida,18/12/2002,2002,FALSE,Escambia_County,
KJ469571.1,KJ469571_2003|2003,Florida,,2003,FALSE,,
KU840320.1,KU840320_2003|2003-07-28,Florida,28/07/2003,2003,FALSE,Santa_Rosa_County,
KU840297.1,KU840297_2008|2008-06-25,Florida,25/06/2008,2008,FALSE,Washington_County,
KU840360.1,KU840360_2010|2010-07-22,Florida,22/07/2010,2010,FALSE,Washington_County,
KU840294.1,KU840294_2010|2010-06-14,Florida,14/06/2010,2010,FALSE,Okeechobee_County,
KJ469627.1,KJ469627_2003|2003,Florida,,2003,FALSE,,
KU840347.1,KU840347_2009|2009-03-16,Florida,16/03/2009,2009,FALSE,Lake_County,
KU840328.1,KU840328_2005|2005-06-06,Florida,06/06/2005,2005,FALSE,Alachua_County,
KU840319.1,KU840319_2003|2003-06-02,Florida,02/06/2003,2003,FALSE,Hernando_County,
KU840306.1,KU840306_2003|2003-05-26,Florida,26/05/2003,2003,FALSE,Clay_County,
KU840361.1,KU840361_2010|2010-05-09,Florida,09/05/2010,2010,FALSE,Marion_County,
KU840323.1,KU840323_2014|2014-06-23,Florida,23/06/2014,2014,FALSE,Levy_County,
KU840357.1,KU840357_2010|2010-07-11,Florida,11/07/2010,2010,FALSE,Lake_County,
KU840344.1,KU840344_2008|2008-07-21,Florida,21/07/2008,2008,FALSE,Suwannee_County,
KU840371.1,KU840371_2003|2003-06-18,Florida,18/06/2003,2003,FALSE,Nassau_County,
KU840337.1,KU840337_2001|2001-12-23,Florida,23/12/2001,2001,FALSE,Bay_County,
KU840330.1,KU840330_2003|2003-04-25,Florida,25/04/2003,2003,FALSE,Columbia_County,
HM210098.1,HM210098_2003|2003-04-02,Florida,02/04/2003,2003,FALSE,,
KU840365.1,KU840365_1992|1992-06-10,Florida,10/06/1992,1992,FALSE,Volusia_County,
HM210093.1,HM210093_1992|1992-06-10,Florida,10/06/1992,1992,FALSE,,
KU840353.1,KU840353_1991|1991-09-19,Florida,19/09/1991,1991,FALSE,Leon_County,
AY705241.1,AY705241_1991|1991-06-01,Florida,01/06/1991,1991,FALSE,,
KU840318.1,KU840318_1992|1992-06-25,Florida,25/06/1992,1992,FALSE,Orange_County,
KJ469605.1,KJ469605_1992|1992,Florida,,1992,FALSE,,
HM210094.1,HM210094_1992|1992-08-17,Florida,17/08/1992,1992,FALSE,,
KU840379.1,KU840379_2002|2002-11-01,Florida,01/11/2002,2002,FALSE,Santa_Rosa_County,
KJ469592.1,KJ469592_2002|2002,Florida,,2002,FALSE,,
KU840314.1,KU840314_2003|2003-07-14,Florida,14/07/2003,2003,FALSE,Seminole_County,
KU840373.1,KU840373_2001|2001-07-12,Florida,12/07/2001,2001,FALSE,Duval_County,
KU840336.1,KU840336_2008|2008-04-21,Florida,21/04/2008,2008,FALSE,Jackson_County,
KU840321.1,KU840321_2009|2009-06-23,Florida,23/06/2009,2009,FALSE,Washington_County,
KU840299.1,KU840299_2008|2008-05-06,Florida,06/05/2008,2008,FALSE,Suwannee_County,
KU840322.1,KU840322_2002|2002-05-15,Florida,15/05/2002,2002,FALSE,Marion_County,
KU840293.1,KU840293_2005|2005-05-22,Florida,22/05/2005,2005,FALSE,Brevard_County,
KU840346.1,KU840346_2001|2001-07-24,Florida,24/07/2001,2001,FALSE,Suwannee_County,
KU840308.1,KU840308_2005|2005-06-28,Florida,28/06/2005,2005,FALSE,Escambia_County,
KU840343.1,KU840343_2002|2002-11-07,Florida,07/11/2002,2002,FALSE,Santa-Rosa_County,
KU840377.1,KU840377_2004|2004-12-11,Florida,11/12/2004,2004,FALSE,Gilchrist_County,
KU840370.1,KU840370_2002|2002-07-23,Florida,23/07/2002,2002,FALSE,Volusia_County,
KU840334.1,KU840334_2010|2010-08-25,Florida,25/08/2010,2010,FALSE,Leon_County,
KU840295.1,KU840295_2003|2003-08-22,Florida,22/08/2003,2003,FALSE,Walton_County,
KU840316.1,KU840316_2001|2001-10-17,Florida,17/10/2001,2001,FALSE,Palm_Beach_County,
KJ469572.1,KJ469572_2001|2001,Florida,,2001,FALSE,,
KU840310.1,KU840310_2001|2001-08-15,Florida,15/08/2001,2001,FALSE,Franklin_County,
KX000169.1,KX000169_2002|2002-10-07,Florida,07/10/2002,2002,FALSE,,
KU840329.1,KU840329_2003|2003-04-01,Florida,01/04/2003,2003,FALSE,Osceola_County,
KU840356.1,KU840356_2003|2003-06-10,Florida,10/06/2003,2003,FALSE,Escambia_County,
KJ469594.1,KJ469594_2003|2003,Florida,,2003,FALSE,,
KU840367.1,KU840367_2002|2002-10-30,Florida,30/10/2002,2002,FALSE,Gadsen_County,
KJ469585.1,KJ469585_2002|2002,Florida,,2002,FALSE,,
KU840366.1,KU840366_2001|2001-08-13,Florida,13/08/2001,2001,FALSE,Bay_County,
KU840364.1,KU840364_2005|2005-05-19,Florida,19/05/2005,2005,FALSE,Putnam_County,
KU840349.1,KU840349_2002|2002-11-19,Florida,19/11/2002,2002,FALSE,Bay_County,
KX000101.1,KX000101_2002|2002-10-16,Florida,16/10/2002,2002,FALSE,,
KU840359.1,KU840359_2009|2009-06-05,Florida,05/06/2009,2009,FALSE,Suwannee_County,
KU840339.1,KU840339_2013|2013-04-08,Florida,08/04/2013,2013,FALSE,Wakulla_County,
KU840298.1,KU840298_2013|2013-04-08,Florida,08/04/2013,2013,FALSE,Wakulla_County,
KU840292.1,KU840292_2013|2013-01-08,Florida,08/01/2013,2013,FALSE,Levy_County,
KU840327.1,KU840327_2010|2010-08-31,Florida,31/08/2010,2010,FALSE,Palm_Beach_County,
KU840303.1,KU840303_2005|2005-07-18,Florida,18/07/2005,2005,FALSE,Escambia_County,
HM210095.1,HM210095_2008|2008-02-13,Florida,13/02/2008,2008,FALSE,,
KU840338.1,KU840338_2014|2014-06-21,Florida,21/06/2014,2014,FALSE,Alachua_County,
KU840313.1,KU840313_2010|2010-06-15,Florida,15/06/2010,2010,FALSE,Flagler_County,
KU840341.1,KU840341_2013|2013-12-12,Florida,12/12/2013,2013,FALSE,Osceola_County,
KU840352.1,KU840352_2013|2013-05-26,Florida,26/05/2013,2013,FALSE,Alachua_County,
KU840362.1,KU840362_2005|2005-07-01,Florida,01/07/2005,2005,FALSE,Lafayette_County,
KU840358.1,KU840358_2003|2003-05-19,Florida,19/05/2003,2003,FALSE,Union_County,
KU840340.1,KU840340_2003|2003-06-26,Florida,26/06/2003,2003,FALSE,Alachua_County,
KU840333.1,KU840333_2008|2008-02-13,Florida,13/02/2008,2008,FALSE,Volusia_County,
KU840326.1,KU840326_2004|2004-06-15,Florida,15/06/2004,2004,FALSE,Polk_County,
KX000086.1,KX000086_2002|2002-10-11,Florida,11/10/2002,2002,FALSE,,
KU840342.1,KU840342_2001|2001-06-28,Florida,28/06/2001,2001,FALSE,Bay_County,
KU840317.1,KU840317_2001|2001-11-21,Florida,21/11/2001,2001,FALSE,Santa_Rosa_County,
KJ469597.1,KJ469597_2001|2001,Florida,,2001,FALSE,,
KX000204.1,KX000204_2007|2007-04-26,Florida,26/04/2007,2007,FALSE,,
KU840345.1,KU840345_2007|2007-12-18,Florida,18/12/2007,2007,FALSE,Duval_County,
KU840309.1,KU840309_2001|2001-07-24,Florida,24/07/2001,2001,FALSE,Suwannee_County,
KU840332.1,KU840332_2003|2003-04-22,Florida,22/04/2003,2003,FALSE,Alachua_County,
KU840305.1,KU840305_2003|2003-05-06,Florida,06/05/2003,2003,FALSE,Madison_County,
KU840350.1,KU840350_2005|2005-05-26,Florida,26/05/2005,2005,FALSE,Volusia_County,
KJ469568.1,KJ469568_2005|2005,Florida,,2005,FALSE,,
HM210097.1,HM210097_2005|2005-05-26,Florida,26/05/2005,2005,FALSE,,
KU840296.1,KU840296_2004|2004-06-09,Florida,09/06/2004,2004,FALSE,Osceola_County,
KU840375.1,KU840375_2001|2001-06-25,Florida,25/06/2001,2001,FALSE,Orange_County,
KJ469591.1,KJ469591_2001|2001,Florida,,2001,FALSE,,
KU840304.1,KU840304_2008|2008-08-07,Florida,07/08/2008,2008,FALSE,Okeechobee_County,
KU840300.1,KU840300_2010|2010-05-11,Florida,11/05/2010,2010,FALSE,Flagler_County,
KU840355.1,KU840355_2014|2014-08-18,Florida,18/08/2014,2014,FALSE,Levy_County,
KU840315.1,KU840315_2008|2008-06-13,Florida,13/06/2008,2008,FALSE,Palm_Beach_County,
KU840348.1,KU840348_2005|2005-05-25,Florida,25/05/2005,2005,FALSE,Marion_County,
KU840325.1,KU840325_2005|2005-06-23,Florida,23/06/2005,2005,FALSE,Osceola_County,
KU840324.1,KU840324_2010|2010-08-18,Florida,18/08/2010,2010,FALSE,Seminole_County,
KU840376.1,KU840376_2012|2012-06-26,Florida,26/06/2012,2012,FALSE,Palm_Beach_County,
KU840301.1,KU840301_2014|2014-06-18,Florida,18/06/2014,2014,FALSE,Alachua_County,
KU840374.1,KU840374_2013|2013-09-27,Florida,27/09/2013,2013,FALSE,Jackson_County,
KU840363.1,KU840363_1994|1994-03-27,Florida,27/03/1994,1994,FALSE,Volusia_County,
HM210096.1,HM210096_1994|1994-03-27,Florida,27/03/1994,1994,FALSE,,
KJ469602.1,KJ469602_1996|1996,Florida,,1996,FALSE,,
KU840351.1,KU840351_2001|2001-10-24,Florida,24/10/2001,2001,FALSE,Pasco_County,
KU840307.1,KU840307_2005|2005-06-28,Florida,28/06/2005,2005,FALSE,Leon_County,
KJ469561.1,KJ469561_2005|2005,Florida,,2005,FALSE,,
KU840291.1,KU840291_1991|1991-08-02,Florida,02/08/1991,1991,FALSE,Leon_County,
KU840311.1,KU840311_2008|2008-03-19,Florida,19/03/2008,2008,FALSE,Flagler_County,
KU840354.1,KU840354_1994|1994-08-03,Florida,03/08/1994,1994,FALSE,Leon_County,
KJ469577.1,KJ469577_1994|1994,Florida,,1994,FALSE,,
KU840302.1,KU840302_2004|2004-06-29,Florida,29/06/2004,2004,FALSE,Marion_County,
KU840331.1,KU840331_2010|2010-06-23,Florida,23/06/2010,2010,FALSE,Palm_Beach_County,
KU840368.1,KU840368_2012|2012-01-06,Florida,06/01/2012,2012,FALSE,Marion_County,
KJ469609.1,KJ469609_1953|1953,Georgia,,1953,FALSE,,
KJ469579.1,KJ469579_1982|1982,Georgia,,1982,FALSE,,
AY705240.1,AY705240_1997|1997-08-01,Georgia,01/08/1997,1997,FALSE,,
KJ469560.1,KJ469560_2001|2001,Georgia,,2001,FALSE,,
KJ469555.1,KJ469555_2003|2003,Georgia,,2003,FALSE,,
KJ469603.1,KJ469603_1951|1951,Louisiana,,1951,FALSE,,
KU840372.1,KU840372_2008|2008-10-03,Maryland,03/10/2008,2008,FALSE,Prince_George's,
KJ469607.1,KJ469607_1990|1990,Maryland,,1990,FALSE,,
KJ469564.1,KJ469564_1988|1988,Maryland,,1988,FALSE,,
KJ469639.1,KJ469639_1983|1983,Maryland,,1983,FALSE,,
CC19-0533,CC19-0533_S36_2019|2019-09-10,Massachusetts,10/09/2019,2019,TRUE,Barnstable,Barnstable
CC19-0548,CC19-0548_S37_2019|2019-09-12,Massachusetts,12/09/2019,2019,TRUE,Barnstable,Barnstable
SL19-1319,SL19-1319_S32_2019|2019-08-13,Massachusetts,13/08/2019,2019,TRUE,Bristol,Bristol
SL19-0635,SL19-0635_S29_2019|2019-07-22,Massachusetts,22/07/2019,2019,TRUE,Bristol,Bristol
NM19-0698,NM19-0698_S39_2019|2019-09-23,Massachusetts,23/09/2019,2019,TRUE,Essex,Essex
SL19-1569,SL19-1569_S35_2019|2019-08-29,Massachusetts,29/08/2019,2019,TRUE,Hampden,Hampden
SL19-1219,SL19-1219_S41_2019|2019-08-07,Massachusetts,07/08/2019,2019,TRUE,Norfolk,Norfolk
SL19-1332,SL19-1332_S31_2019|2019-08-13,Massachusetts,13/08/2019,2019,TRUE,Plymouth,Plymouth
SL19-0643,SL19-0643_S40_2019|2019-07-22,Massachusetts,22/07/2019,2019,TRUE,Plymouth,Plymouth
SL18-1166,SL18-1166_S27_2018|2018-09-17,Massachusetts,17/09/2018,2018,TRUE,Plymouth,Plymouth
PY19-0166,PY19-0166_S30_2019|2019-07-23,Massachusetts,23/07/2019,2019,TRUE,Plymouth,Plymouth
SL18-1204,SL18-1204_S28_2018|2018-09-26,Massachusetts,26/09/2018,2018,TRUE,Worcester,Worcester
18VX3174,18VX3174_S43_2018|2018-11-01,Massachusetts,01/11/2018,2018,TRUE,Worcester,Worcester
18VX2715,18VX2715_S44_2018|2018-09-19,Massachusetts,19/09/2018,2018,TRUE,Worcester,Worcester
SL19-1516,SL19-1516_S33_2019|2019-08-25,Massachusetts,25/08/2019,2019,TRUE,Worcester,Worcester
SL19-1584,SL19-1584_S34_2019|2019-08-29,Massachusetts,29/08/2019,2019,TRUE,Worcester,Worcester
CM19-2280,CM19-2280_S38_2019|2019-09-24,Massachusetts,24/09/2019,2019,TRUE,Worcester,Worcester
KJ469617.1,KJ469617_1979|1979,Massachusetts,,1979,FALSE,,
KJ469611.1,KJ469611_1977|1977,Massachusetts,,1977,FALSE,,
KJ469624.1,KJ469624_1984|1984,Massachusetts,,1984,FALSE,,
KX029273.1,KX029273_2009|2009-08-19,Massachusetts,19/08/2009,2009,FALSE,Middlesex,
KX029317.1,KX029317_2011|2011-09-15,Massachusetts,15/09/2011,2011,FALSE,Worcester,
KX029301.1,KX029301_2011|2011-09-14,Massachusetts,14/09/2011,2011,FALSE,Norfolk,
KX029291.1,KX029291_2012|2012-09-18,Massachusetts,18/09/2012,2012,FALSE,Worcester,
KX029248.1,KX029248_2012|2012-08-09,Massachusetts,09/08/2012,2012,FALSE,Worcester,
KX029236.1,KX029236_2012|2012-09-05,Massachusetts,05/09/2012,2012,FALSE,Worcester,
KX029275.1,KX029275_2011|2011-09-13,Massachusetts,13/09/2011,2011,FALSE,Worcester,
KX029298.1,KX029298_2011|2011-09-15,Massachusetts,15/09/2011,2011,FALSE,Middlesex,
KX029281.1,KX029281_2009|2009-10-09,Massachusetts,09/10/2009,2009,FALSE,Worcester,
KX029293.1,KX029293_2013|2013-09-17,Massachusetts,17/09/2013,2013,FALSE,Essex,
KX029230.1,KX029230_2014|2014-09-23,Massachusetts,23/09/2014,2014,FALSE,Middlesex,
KX029316.1,KX029316_2012|2012-08-22,Massachusetts,22/08/2012,2012,FALSE,Middlesex,
KX029296.1,KX029296_2012|2012-08-01,Massachusetts,01/08/2012,2012,FALSE,Middlesex,
KX029287.1,KX029287_2012|2012-09-14,Massachusetts,14/09/2012,2012,FALSE,Essex,
KX029306.1,KX029306_2012|2012-08-14,Massachusetts,14/08/2012,2012,FALSE,Essex,
KX029270.1,KX029270_2012|2012-09-02,Massachusetts,02/09/2012,2012,FALSE,Essex,
KX029313.1,KX029313_2010|2010-07-12,Massachusetts,12/07/2010,2010,FALSE,Plymouth,
KX029264.1,KX029264_2010|2010-09-08,Massachusetts,08/09/2010,2010,FALSE,Plymouth,
KX029284.1,KX029284_2010|2010-07-20,Massachusetts,20/07/2010,2010,FALSE,Plymouth,
KX029271.1,KX029271_2010|2010-09-01,Massachusetts,01/09/2010,2010,FALSE,Bristol,
KX029311.1,KX029311_2010|2010-07-27,Massachusetts,27/07/2010,2010,FALSE,Bristol,
KX029308.1,KX029308_2010|2010-08-04,Massachusetts,04/08/2010,2010,FALSE,Plymouth,
KX029277.1,KX029277_2010|2010-07-14,Massachusetts,14/07/2010,2010,FALSE,Plymouth,
KX029286.1,KX029286_2009|2009-09-15,Massachusetts,15/09/2009,2009,FALSE,Plymouth,
KX029234.1,KX029234_2008|2008-09-30,Massachusetts,30/09/2008,2008,FALSE,Bristol,
KX029299.1,KX029299_2008|2008-09-16,Massachusetts,16/09/2008,2008,FALSE,Bristol,
KX029263.1,KX029263_2008|2008-08-14,Massachusetts,14/08/2008,2008,FALSE,Plymouth,
KX029243.1,KX029243_2009|2009-09-14,Massachusetts,14/09/2009,2009,FALSE,Bristol,
KX029304.1,KX029304_2011|2011-10-20,Massachusetts,20/10/2011,2011,FALSE,Plymouth,
KX029295.1,KX029295_2012|2012-08-13,Massachusetts,13/08/2012,2012,FALSE,Bristol,
KX029288.1,KX029288_2012|2012-07-23,Massachusetts,23/07/2012,2012,FALSE,Bristol,
KX029258.1,KX029258_2012|2012-08-21,Massachusetts,21/08/2012,2012,FALSE,Norfolk,
KX029257.1,KX029257_2011|2011-08-17,Massachusetts,17/08/2011,2011,FALSE,Plymouth,
KX029250.1,KX029250_2012|2012-07-25,Massachusetts,25/07/2012,2012,FALSE,Plymouth,
KX029238.1,KX029238_2012|2012-07-09,Massachusetts,09/07/2012,2012,FALSE,Bristol,
KX029233.1,KX029233_2012|2012-08-16,Massachusetts,16/08/2012,2012,FALSE,Plymouth,
KX029255.1,KX029255_2011|2011-07-19,Massachusetts,19/07/2011,2011,FALSE,Plymouth,
KX029278.1,KX029278_2008|2008-09-05,Massachusetts,05/09/2008,2008,FALSE,Plymouth,
KX029240.1,KX029240_2010|2010-08-30,Massachusetts,30/08/2010,2010,FALSE,Bristol,
KX029267.1,KX029267_2011|2011-09-26,Massachusetts,26/09/2011,2011,FALSE,Bristol,
KX029254.1,KX029254_2011|2011-09-14,Massachusetts,14/09/2011,2011,FALSE,Norfolk,
KX029244.1,KX029244_2012|2012-07-25,Massachusetts,25/07/2012,2012,FALSE,Plymouth,
KX029282.1,KX029282_2009|2009-08-17,Massachusetts,17/08/2009,2009,FALSE,Bristol,
KX029318.1,KX029318_2012|2005-08-17,Massachusetts,17/08/2005,2012,FALSE,Plymouth,
KX029292.1,KX029292_2006|2006-07-31,Massachusetts,31/07/2006,2006,FALSE,Plymouth,
KX029259.1,KX029259_2004|2004-08-04,Massachusetts,04/08/2004,2004,FALSE,Plymouth,
KX029246.1,KX029246_2004|2004-07-28,Massachusetts,28/07/2004,2004,FALSE,Bristol,
KX029261.1,KX029261_2005|2005-07-25,Massachusetts,25/07/2005,2005,FALSE,Plymouth,
KX029280.1,KX029280_2005|2005-09-05,Massachusetts,05/09/2005,2005,FALSE,Bristol,
KX029272.1,KX029272_2004|2004-08-18,Massachusetts,18/08/2004,2004,FALSE,Bristol,
KX029310.1,KX029310_2006|2006-08-14,Massachusetts,14/08/2006,2006,FALSE,Barnstable,
KX029231.1,KX029231_2006|2006-08-02,Massachusetts,02/08/2006,2006,FALSE,Bristol,
KX029251.1,KX029251_2005|2005-08-08,Massachusetts,08/08/2005,2005,FALSE,Bristol,
KX029305.1,KX029305_2006|2006-08-14,Massachusetts,14/08/2006,2006,FALSE,Plymouth,
KX029249.1,KX029249_2004|2004-08-18,Massachusetts,18/08/2004,2004,FALSE,Bristol,
KX029314.1,KX029314_2007|2007-08-13,Massachusetts,13/08/2007,2007,FALSE,Plymouth,
KX029300.1,KX029300_2007|2007-09-26,Massachusetts,26/09/2007,2007,FALSE,Plymouth,
KX029241.1,KX029241_2007|2007-10-05,Massachusetts,05/10/2007,2007,FALSE,Plymouth,
KX029237.1,KX029237_2006|2006-08-02,Massachusetts,02/08/2006,2006,FALSE,Bristol,
KX029315.1,KX029315_2005|2005-09-27,Massachusetts,27/09/2005,2005,FALSE,Worcester,
KX029253.1,KX029253_2006|2006-10-02,Massachusetts,02/10/2006,2006,FALSE,Bristol,
KX029247.1,KX029247_2006|2006-08-11,Massachusetts,11/08/2006,2006,FALSE,Norfolk,
KX029276.1,KX029276_2006|2006-07-17,Massachusetts,17/07/2006,2006,FALSE,Plymouth,
KX029262.1,KX029262_2006|2006-07-26,Massachusetts,26/07/2006,2006,FALSE,Plymouth,
KX029265.1,KX029265_2004|2004-09-24,Massachusetts,24/09/2004,2004,FALSE,Middlesex,
KX029269.1,KX029269_2013|2013-09-12,Massachusetts,12/09/2013,2013,FALSE,Berkshire,
KX029242.1,KX029242_2013|2013-08-19,Massachusetts,19/08/2013,2013,FALSE,Plymouth,
KX029239.1,KX029239_2013|2013-08-21,Massachusetts,21/08/2013,2013,FALSE,Norfolk,
KX029309.1,KX029309_2004|2004-10-01,Massachusetts,01/10/2004,2004,FALSE,Middlesex,
KX029289.1,KX029289_2006|2006-08-09,Massachusetts,09/08/2006,2006,FALSE,Essex,
KP282670.1,KP282670_2005|2005,Massachusetts,,2005,FALSE,,
KX029303.1,KX029303_2005|2005-08-24,Massachusetts,24/08/2005,2005,FALSE,Essex,
KX029252.1,KX029252_2007|2007-07-04,Massachusetts,04/07/2007,2007,FALSE,Bristol,
KX029297.1,KX029297_2006|2006-09-20,Massachusetts,20/09/2006,2006,FALSE,Worcester,
KX029266.1,KX029266_2006|2006-09-13,Massachusetts,13/09/2006,2006,FALSE,Essex,
KX029294.1,KX029294_2009|2009-09-22,Massachusetts,22/09/2009,2009,FALSE,Worcester,
KX029290.1,KX029290_2010|2010-08-20,Massachusetts,20/08/2010,2010,FALSE,Worcester,
KX029268.1,KX029268_2009|2009-08-19,Massachusetts,19/08/2009,2009,FALSE,Essex,
KX029283.1,KX029283_2012|2012-09-05,Massachusetts,05/09/2012,2012,FALSE,Plymouth,
KX029256.1,KX029256_2013|2013-09-03,Massachusetts,03/09/2013,2013,FALSE,Bristol,
KX029235.1,KX029235_2013|2013-08-26,Massachusetts,26/08/2013,2013,FALSE,Plymouth,
KX029319.1,KX029319_2013|2013-08-27,Massachusetts,27/08/2013,2013,FALSE,Bristol,
KX029279.1,KX029279_2013|2013-10-07,Massachusetts,07/10/2013,2013,FALSE,Bristol,
KX029274.1,KX029274_2014|2014-08-11,Massachusetts,11/08/2014,2014,FALSE,Plymouth,
KX029232.1,KX029232_2014|2014-07-15,Massachusetts,15/07/2014,2014,FALSE,Plymouth,
KX029260.1,KX029260_2014|2014-08-04,Massachusetts,04/08/2014,2014,FALSE,Bristol,
KJ469634.1,KJ469634_1989|1989,Mississippi,,1989,FALSE,,
KJ469587.1,KJ469587_1983|1983,Mississippi,,1983,FALSE,,
KJ469556.1,KJ469556_2005|2005,New_Hampshire,,2005,FALSE,,
KJ469631.1,KJ469631_2005|2005,New_Hampshire,,2005,FALSE,,
KJ469600.1,KJ469600_1933|1933,New_Jersey,,1933,FALSE,,
KJ469566.1,KJ469566_1935|1935,New_Jersey,,1935,FALSE,,
KX000225.1,KX000225_2003|2003-09-24,New_Jersey,24/09/2003,2003,FALSE,,
KX000153.1,KX000153_2003|2003-09-24,New_Jersey,24/09/2003,2003,FALSE,,
KX000163.1,KX000163_2003|2003-09-24,New_Jersey,24/09/2003,2003,FALSE,,
KX000079.1,KX000079_2003|2003-09-24,New_Jersey,24/09/2003,2003,FALSE,,
RAB15ANI04939-01-00,RAB15ANI04939_2015|2015-09-02,New_York,02/09/2015,2015,TRUE,Franklin,Franklin
ARB15MS260105,ARB15MS260105_S5_2015|2015-07-06,New_York,06/07/2015,2015,TRUE,Madison,Madison
ARB15MS260175,ARB15MS260175_S6_2015|2015-07-28,New_York,28/07/2015,2015,TRUE,Madison,Madison
ARB15MS260353,ARB15MS260353_S12_2015|2015-09-23,New_York,23/09/2015,2015,TRUE,Madison,Madison
ARB17MS260236,ARB17MS260236_S17_2017|2017-09-19,New_York,19/09/2017,2017,TRUE,Madison,Madison
ARB15MS330238,ARB15MS330238_S4_2015|2015-06-25,New_York,25/06/2015,2015,TRUE,Onondaga,Onondaga
ARB15MS330683,ARB15MS330683_S8_2015|2015-09-01,New_York,01/09/2015,2015,TRUE,Onondaga,Onondaga
ARB17MS330746,ARB17MS330746_S18_2017|2017-09-26,New_York,26/09/2017,2017,TRUE,Onondaga,Onondaga
ARB18MS330453,ARB18MS330453_S21_2018|2018-08-07,New_York,07/08/2018,2018,TRUE,Onondaga,Onondaga
ARB19MS330484,ARB19MS330484_S3_2019|2019-08-15,New_York,15/08/2019,2019,TRUE,Onondaga,Onondaga
ARB18MS330394,ARB18MS330394_S19_2018|2018-07-31,New_York,31/07/2018,2018,TRUE,Onondaga,Onondaga
RAB19ANI05450,RAB19ANI05450_S3_2019|2019-08-27,New_York,27/08/2019,2019,TRUE,Ontario,Ontario
ARB18MS350318,ARB18MS350318_S22_2018|2018-09-20,New_York,20/09/2018,2018,TRUE,Orange,Orange
ARB15MS370406,ARB15MS370406_S7_2015|2015-07-27,New_York,27/07/2015,2015,TRUE,Oswego,Oswego
16370365,16370365_S13_2016|2016-08-17,New_York,17/08/2016,2016,TRUE,Oswego,Oswego
ARB17MS370250,ARB17MS370250_S26_2017|2017-07-26,New_York,26/07/2017,2017,TRUE,Oswego,Oswego
ARB18MS370301,ARB18MS370301_S20_2018|2018-07-30,New_York,30/07/2018,2018,TRUE,Oswego,Oswego
ARB19MS370212,ARB19MS370212_S23_2019|2019-07-08,New_York,08/07/2019,2019,TRUE,Oswego,Oswego
RAB19ANI04511,RAB19ANI04511_S25_2019|2019-08-13,New_York,13/08/2019,2019,TRUE,Oswego,Oswego
RAB16ANI06320-01-00,RAB16ANI06320-01-00_S15_2016|2016-10-21,New_York,21/10/2016,2016,TRUE,Seneca,Seneca
RAB15ANI05176-01-00,RAB15ANI05176_2015|2015-09-24,New_York,24/09/2015,2015,TRUE,Saint_Lawrence,Saint_Lawrence
ARB17MS510915,ARB17MS510915_S16_2017|2017-08-16,New_York,16/08/2017,2017,TRUE,Suffolk,Suffolk
ARB19MS510595,ARB19MS510595_S24_2019|2019-07-31,New_York,31/07/2019,2019,TRUE,Suffolk,Suffolk
RAB16ANI05362-01-00,RAB16ANI05362-01-00_S14_2016|2016-08-23,New_York,23/08/2016,2016,TRUE,Ulster,Ulster
RAB15ANI05065-01-00,RAB15ANI05065-01-00_S10_2015|2015-09-12,New_York,12/09/2015,2015,TRUE,Wayne,Wayne
KX000218.1,KX000218_1973|1973-10-01,New_York,01/10/1973,1973,FALSE,Onondaga,
KX000099.1,KX000099_1969|1969,New_York,,1969,FALSE,Suffolk,
KJ469635.1,KJ469635_1969|1969,New_York,,1969,FALSE,,
KX000120.1,KX000120_1971|1971-08-23,New_York,23/08/1971,1971,FALSE,Oswego,
KX000114.1,KX000114_1971|1971-08-28,New_York,28/08/1971,1971,FALSE,Oswego,
KX000078.1,KX000078_1971|1971-08-24,New_York,24/08/1971,1971,FALSE,Oswego,
KX000069.1,KX000069_1974|1974-09-05,New_York,05/09/1974,1974,FALSE,Oswego,
KJ469567.1,KJ469567_1974|1974,New_York,,1974,FALSE,,
KX000053.1,KX000053_1974|1974-09-12,New_York,12/09/1974,1974,FALSE,Oswego,
KX000047.1,KX000047_1975|1975-07-16,New_York,16/07/1975,1975,FALSE,Oswego,
KX000065.1,KX000065_1974|1974-09-05,New_York,05/09/1974,1974,FALSE,Oswego,
KX000066.1,KX000066_1974|1974-09-04,New_York,04/09/1974,1974,FALSE,Oswego,
KJ469630.1,KJ469630_1990|1990,New_York,,1990,FALSE,,
KX000182.1,KX000182_2004|2004-09-07,New_York,07/09/2004,2004,FALSE,Sullivan,
KX000095.1,KX000095_2004|2004-09-02,New_York,02/09/2004,2004,FALSE,Wayne,
KX000091.1,KX000091_2004|2004-09-17,New_York,17/09/2004,2004,FALSE,Wayne,
KX000051.1,KX000051_2003|2003-09-25,New_York,25/09/2003,2003,FALSE,Orange,
KX000160.1,KX000160_2014|2014-09-01,New_York,01/09/2014,2014,FALSE,Oswego,
KX000111.1,KX000111_2014|2014-09-02,New_York,02/09/2014,2014,FALSE,Oswego,
KX000137.1,KX000137_2014|2014-08-27,New_York,27/08/2014,2014,FALSE,Oswego,
KX000135.1,KX000135_2014|2014-07-16,New_York,16/07/2014,2014,FALSE,Oswego,
KX000092.1,KX000092_2014|2014-07-31,New_York,31/07/2014,2014,FALSE,Oswego,
KX000072.1,KX000072_2014|2014-08-21,New_York,21/08/2014,2014,FALSE,Onondaga,
KX000076.1,KX000076_2014|2014-09-03,New_York,03/09/2014,2014,FALSE,Oswego,
KX000071.1,KX000071_2013|2013-09-12,New_York,12/09/2013,2013,FALSE,Oswego,
KX000075.1,KX000075_2008|2008-08-05,New_York,05/08/2008,2008,FALSE,Suffolk,
KX000230.1,KX000230_2012|2012-07-23,New_York,23/07/2012,2012,FALSE,St._Lawrence,
KX000184.1,KX000184_2014|2014-09-24,New_York,24/09/2014,2014,FALSE,Chautauqua,
KX000197.1,KX000197_2013|2013-08-07,New_York,07/08/2013,2013,FALSE,Oswego,
KX000145.1,KX000145_2003|2003-10-02,New_York,02/10/2003,2003,FALSE,Putnam,
KX000229.1,KX000229_2006|2006-08-24,New_York,24/08/2006,2006,FALSE,Onondaga,
KX000190.1,KX000190_2006|2006-09-13,New_York,13/09/2006,2006,FALSE,Madison,
KX000147.1,KX000147_2006|2006-08-08,New_York,08/08/2006,2006,FALSE,Onondaga,
KX000112.1,KX000112_2006|2006-08-17,New_York,17/08/2006,2006,FALSE,Oswego,
KX000188.1,KX000188_2006|2006-07-26,New_York,26/07/2006,2006,FALSE,Oswego,
KX000176.1,KX000176_2006|2006-09-11,New_York,11/09/2006,2006,FALSE,Oswego,
KX000097.1,KX000097_2006|2006-09-14,New_York,14/09/2006,2006,FALSE,Onondaga,
KX000068.1,KX000068_2006|2006-08-03,New_York,03/08/2006,2006,FALSE,Onondaga,
KX000057.1,KX000057_2006|2006-07-26,New_York,26/07/2006,2006,FALSE,Oswego,
KX000150.1,KX000150_2006|2006-08-16,New_York,16/08/2006,2006,FALSE,Oneida,
KX000087.1,KX000087_2007|2007-07-26,New_York,26/07/2007,2007,FALSE,Oswego,
KX000081.1,KX000081_2006|2006-09-21,New_York,21/09/2006,2006,FALSE,Onondaga,
KX000187.1,KX000187_2006|2006-08-15,New_York,15/08/2006,2006,FALSE,Oswego,
KX000088.1,KX000088_2006|2006-08-28,New_York,28/08/2006,2006,FALSE,Oneida,
KX000186.1,KX000186_2006|2006-08-10,New_York,10/08/2006,2006,FALSE,Onondaga,
KX000055.1,KX000055_2006|2006-09-27,New_York,27/09/2006,2006,FALSE,Oswego,
KX000214.1,KX000214_2004|2004-09-09,New_York,09/09/2004,2004,FALSE,Onondaga,
KX000203.1,KX000203_2004|2004-07-30,New_York,30/07/2004,2004,FALSE,Onondaga,
KX000193.1,KX000193_2003|2003-09-16,New_York,16/09/2003,2003,FALSE,Onondaga,
KX000061.1,KX000061_2004|2004-08-17,New_York,17/08/2004,2004,FALSE,Onondaga,
KX000098.1,KX000098_2005|2005-07-19,New_York,19/07/2005,2005,FALSE,Onondaga,
KX000052.1,KX000052_2005|2005-08-18,New_York,18/08/2005,2005,FALSE,Madison,
KX000199.1,KX000199_2005|2005-08-21,New_York,21/08/2005,2005,FALSE,Oswego,
KX000170.1,KX000170_2005|2005-07-19,New_York,19/07/2005,2005,FALSE,Onondaga,
KX000104.1,KX000104_2006|2006-09-19,New_York,19/09/2006,2006,FALSE,Oswego,
KX000077.1,KX000077_2005|2005-09-24,New_York,24/09/2005,2005,FALSE,Onondaga,
KJ469643.1,KJ469643_2005|2005,New_York,,2005,FALSE,,
KX000119.1,KX000119_2003|2003-09-25,New_York,25/09/2003,2003,FALSE,Onondaga,
KX000207.1,KX000207_2006|2006-09-19,New_York,19/09/2006,2006,FALSE,Onondaga,
KX000141.1,KX000141_2004|2004-09-14,New_York,14/09/2004,2004,FALSE,Onondaga,
KX000198.1,KX000198_2006|2006-09-15,New_York,15/09/2006,2006,FALSE,Onondaga,
KX000132.1,KX000132_2006|2006-09-12,New_York,12/09/2006,2006,FALSE,Onondaga,
KX000130.1,KX000130_2004|2004-09-24,New_York,24/09/2004,2004,FALSE,Madison,
KX000124.1,KX000124_2004|2004-10-10,New_York,10/10/2004,2004,FALSE,Chemung,
KX000192.1,KX000192_2004|2004-08-20,New_York,20/08/2004,2004,FALSE,Onondaga,
KX000152.1,KX000152_2004|2004-09-21,New_York,21/09/2004,2004,FALSE,Onondaga,
KX000100.1,KX000100_2004|2004-08-19,New_York,19/08/2004,2004,FALSE,Onondaga,
KX000136.1,KX000136_2005|2005-08-19,New_York,19/08/2005,2005,FALSE,Oneida,
KX000165.1,KX000165_2005|2005-09-28,New_York,28/09/2005,2005,FALSE,Onondaga,
KX000085.1,KX000085_2006|2006-09-11,New_York,11/09/2006,2006,FALSE,Madison,
KX000215.1,KX000215_2007|2007-07-11,New_York,11/07/2007,2007,FALSE,Oswego,
KX000196.1,KX000196_2007|2007-07-25,New_York,25/07/2007,2007,FALSE,Oswego,
KX000185.1,KX000185_2007|2007-06-25,New_York,25/06/2007,2007,FALSE,Oswego,
KX000171.1,KX000171_2007|2007-07-11,New_York,11/07/2007,2007,FALSE,Oswego,
KX000156.1,KX000156_2007|2007-07-16,New_York,16/07/2007,2007,FALSE,Oswego,
KX000115.1,KX000115_2007|2007-07-09,New_York,09/07/2007,2007,FALSE,Oswego,
KX000106.1,KX000106_2007|2007-07-18,New_York,18/07/2007,2007,FALSE,Oswego,
KX000175.1,KX000175_2006|2006-08-03,New_York,03/08/2006,2006,FALSE,Oswego,
KX000222.1,KX000222_2005|2005-07-27,New_York,27/07/2005,2005,FALSE,Nassau,
KX000179.1,KX000179_2009|2009-09-29,New_York,29/09/2009,2009,FALSE,Lewis,
KX000231.1,KX000231_2010|2010-08-31,New_York,31/08/2010,2010,FALSE,Onondaga,
KX000168.1,KX000168_2009|2009-07-29,New_York,29/07/2009,2009,FALSE,Oswego,
KX000164.1,KX000164_2009|2009-09-03,New_York,03/09/2009,2009,FALSE,Oswego,
KX000080.1,KX000080_2010|2010-08-24,New_York,24/08/2010,2010,FALSE,Onondaga,
KX000074.1,KX000074_2009|2009-08-27,New_York,27/08/2009,2009,FALSE,Onondaga,
KX000054.1,KX000054_2010|2010-08-19,New_York,19/08/2010,2010,FALSE,Onondaga,
KX000048.1,KX000048_2010|2010-06-30,New_York,30/06/2010,2010,FALSE,Oswego,
KX000227.1,KX000227_2009|2009-08-13,New_York,13/08/2009,2009,FALSE,Onondaga,
KX000211.1,KX000211_2009|2009-09-22,New_York,22/09/2009,2009,FALSE,Onondaga,
KX000195.1,KX000195_2011|2011-08-22,New_York,22/08/2011,2011,FALSE,St._Lawrence,
KX000140.1,KX000140_2010|2010-08-20,New_York,20/08/2010,2010,FALSE,Oswego,
KX000183.1,KX000183_2009|2009-09-14,New_York,14/09/2009,2009,FALSE,Oswego,
KX000127.1,KX000127_2010|2010-08-24,New_York,24/08/2010,2010,FALSE,Onondaga,
KX000063.1,KX000063_2009|2009-08-26,New_York,26/08/2009,2009,FALSE,Oswego,
KX000056.1,KX000056_2010|2010-08-19,New_York,19/08/2010,2010,FALSE,Madison,
KX000221.1,KX000221_2011|2011-07-21,New_York,21/07/2011,2011,FALSE,Oswego,
KX000058.1,KX000058_2011|2011-08-17,New_York,17/08/2011,2011,FALSE,Oswego,
KX000219.1,KX000219_2010|2010-08-31,New_York,31/08/2010,2010,FALSE,Onondaga,
KX000129.1,KX000129_2011|2011-08-17,New_York,17/08/2011,2011,FALSE,Madison,
KX000174.1,KX000174_2011|2011-08-09,New_York,09/08/2011,2011,FALSE,Oswego,
KX000094.1,KX000094_2011|2011-09-12,New_York,12/09/2011,2011,FALSE,Madison,
KX000224.1,KX000224_2011|2011-08-20,New_York,20/08/2011,2011,FALSE,Oneida,
KX000191.1,KX000191_2010|2010-09-23,New_York,23/09/2010,2010,FALSE,Oswego,
KX000189.1,KX000189_2010|2010-09-08,New_York,08/09/2010,2010,FALSE,Oswego,
KX000172.1,KX000172_2010|2010-09-02,New_York,02/09/2010,2010,FALSE,Oswego,
KX000070.1,KX000070_2008|2008-09-16,New_York,16/09/2008,2008,FALSE,Onondaga,
KX000181.1,KX000181_2014|2014-08-06,New_York,06/08/2014,2014,FALSE,Oswego,
KX000226.1,KX000226_2009|2009-08-06,New_York,06/08/2009,2009,FALSE,Oswego,
KX000217.1,KX000217_2009|2009-07-28,New_York,28/07/2009,2009,FALSE,Oswego,
KX000216.1,KX000216_2006|2006-08-03,New_York,03/08/2006,2006,FALSE,Oswego,
KX000177.1,KX000177_2009|2009-08-13,New_York,13/08/2009,2009,FALSE,Oswego,
KX000067.1,KX000067_2009|2009-07-23,New_York,23/07/2009,2009,FALSE,Oswego,
KX000202.1,KX000202_2009|2009-09-03,New_York,03/09/2009,2009,FALSE,Onondaga,
KX000151.1,KX000151_2009|2009-08-13,New_York,13/08/2009,2009,FALSE,Onondaga,
KX000213.1,KX000213_2008|2008-08-26,New_York,26/08/2008,2008,FALSE,Oswego,
KX000180.1,KX000180_2008|2008-09-18,New_York,18/09/2008,2008,FALSE,Oswego,
KX000173.1,KX000173_2008|2008-08-27,New_York,27/08/2008,2008,FALSE,Oswego,
KX000125.1,KX000125_2008|2008-08-18,New_York,18/08/2008,2008,FALSE,Oswego,
KX000105.1,KX000105_2008|2008-10-02,New_York,02/10/2008,2008,FALSE,Oswego,
KX000128.1,KX000128_2009|2009-08-27,New_York,27/08/2009,2009,FALSE,Oswego,
KX000107.1,KX000107_2009|2009-09-08,New_York,08/09/2009,2009,FALSE,Madison,
KX000159.1,KX000159_2008|2008-08-28,New_York,28/08/2008,2008,FALSE,Oswego,
KX000117.1,KX000117_2008|2008-08-28,New_York,28/08/2008,2008,FALSE,Oswego,
KX000131.1,KX000131_2008|2008-09-30,New_York,30/09/2008,2008,FALSE,Oswego,
KX000208.1,KX000208_2010|2010-09-08,New_York,08/09/2010,2010,FALSE,Oneida,
KX000059.1,KX000059_2009|2009-08-18,New_York,18/08/2009,2009,FALSE,Onondaga,
KX000090.1,KX000090_2010|2010-09-09,New_York,09/09/2010,2010,FALSE,Onondaga,
KX000209.1,KX000209_2011|2011-09-07,New_York,07/09/2011,2011,FALSE,Onondaga,
KX000134.1,KX000134_2011|2011-08-18,New_York,18/08/2011,2011,FALSE,Onondaga,
KX000096.1,KX000096_2011|2011-09-27,New_York,27/09/2011,2011,FALSE,Onondaga,
KX000210.1,KX000210_2010|2010-09-29,New_York,29/09/2010,2010,FALSE,Oneida,
KX000220.1,KX000220_2011|2011-08-24,New_York,24/08/2011,2011,FALSE,Oswego,
KX000200.1,KX000200_2011|2011-08-18,New_York,18/08/2011,2011,FALSE,Oswego,
KX000161.1,KX000161_2011|2011-07-18,New_York,18/07/2011,2011,FALSE,Oswego,
KX000110.1,KX000110_2011|2011-08-10,New_York,10/08/2011,2011,FALSE,Oswego,
KX000166.1,KX000166_2011|2011-08-16,New_York,16/08/2011,2011,FALSE,Onondaga,
KX000154.1,KX000154_2011|2011-08-03,New_York,03/08/2011,2011,FALSE,Oswego,
KX000205.1,KX000205_2010|2010-08-12,New_York,12/08/2010,2010,FALSE,Oneida,
KX000201.1,KX000201_2012|2012-08-29,New_York,29/08/2012,2012,FALSE,Oswego,
KX000138.1,KX000138_2011|2011-07-27,New_York,27/07/2011,2011,FALSE,Oneida,
KX000049.1,KX000049_2011|2011-07-27,New_York,27/07/2011,2011,FALSE,Oneida,
KX000062.1,KX000062_2011|2011-08-25,New_York,25/08/2011,2011,FALSE,Onondaga,
KX000158.1,KX000158_2011|2011-08-11,New_York,11/08/2011,2011,FALSE,Oswego,
KX000228.1,KX000228_2010|2010-08-30,New_York,30/08/2010,2010,FALSE,Oswego,
KX000064.1,KX000064_2009|2009-09-25,New_York,25/09/2009,2009,FALSE,Montgomery,
KX000162.1,KX000162_2009|2009-09-22,New_York,22/09/2009,2009,FALSE,Onondaga,
KX000155.1,KX000155_2003|2003-10-22,New_York,22/10/2003,2003,FALSE,Oswego,
KX000122.1,KX000122_2003|2003-10-02,New_York,02/10/2003,2003,FALSE,Ulster,
KX000082.1,KX000082_2009|2009-09-23,New_York,23/09/2009,2009,FALSE,Oswego,
KX000206.1,KX000206_2012|2012-08-24,New_York,24/08/2012,2012,FALSE,Westchester,
KX000212.1,KX000212_2014|2014-07-29,New_York,29/07/2014,2014,FALSE,Onondaga,
KX000126.1,KX000126_2014|2014-09-06,New_York,06/09/2014,2014,FALSE,Madison,
KX000149.1,KX000149_2014|2014-08-07,New_York,07/08/2014,2014,FALSE,Onondaga,
KX000148.1,KX000148_2013|2013-07-29,New_York,29/07/2013,2013,FALSE,Chautauqua,
KX000103.1,KX000103_2013|2013-08-14,New_York,14/08/2013,2013,FALSE,Chautauqua,
KX000073.1,KX000073_2013|2013-08-23,New_York,23/08/2013,2013,FALSE,Chautauqua,
KX000084.1,KX000084_2013|2013-08-05,New_York,05/08/2013,2013,FALSE,Chautauqua,
KX000108.1,KX000108_2013|2013-09-07,New_York,07/09/2013,2013,FALSE,Chautauqua,
KX000139.1,KX000139_2013|2013-08-25,New_York,25/08/2013,2013,FALSE,Chautauqua,
KX000113.1,KX000113_2013|2013-08-05,New_York,05/08/2013,2013,FALSE,Chautauqua,
KX000223.1,KX000223_2014|2014-07-31,New_York,31/07/2014,2014,FALSE,Onondaga,
KX000178.1,KX000178_2013|2013-09-10,New_York,10/09/2013,2013,FALSE,Oswego,
KX000142.1,KX000142_2013|2013-10-01,New_York,01/10/2013,2013,FALSE,Onondaga,
KX000116.1,KX000116_2014|2014-09-03,New_York,03/09/2014,2014,FALSE,Onondaga,
KX000167.1,KX000167_2013|2013-08-22,New_York,22/08/2013,2013,FALSE,Madison,
KX000143.1,KX000143_2014|2014-09-08,New_York,08/09/2014,2014,FALSE,Oneida,
KX000133.1,KX000133_2014|2014-08-05,New_York,05/08/2014,2014,FALSE,Onondaga,
KX000093.1,KX000093_2014|2014-07-29,New_York,29/07/2014,2014,FALSE,Onondaga,
KX000060.1,KX000060_2014|2014-09-03,New_York,03/09/2014,2014,FALSE,Onondaga,
KX000109.1,KX000109_2014|2014-07-30,New_York,30/07/2014,2014,FALSE,Madison,
KX000083.1,KX000083_2013|2013-08-13,New_York,13/08/2013,2013,FALSE,Onondaga,
KX000118.1,KX000118_2013|2013-10-03,New_York,03/10/2013,2013,FALSE,Onondaga,
KX000194.1,KX000194_2013|2013-09-10,New_York,10/09/2013,2013,FALSE,Onondaga,
KX000123.1,KX000123_2014|2014-09-03,New_York,03/09/2014,2014,FALSE,Onondaga,
KX000121.1,KX000121_2014|2014-09-08,New_York,08/09/2014,2014,FALSE,Wayne,
KJ469616.1,KJ469616_1994|1994,New_York,,1994,FALSE,,
KJ469610.1,KJ469610_1990|1990,Rhode_Island,,1990,FALSE,,
KJ469621.1,KJ469621_2003|2003,Texas,,2003,FALSE,,
EF568607.1,EF568607_1960|1960,USA,,1960,FALSE,,
KJ469559.1,KJ469559_2009|2009,USA,,2009,FALSE,,
KX000157.1,KX000157_2013|2013-08-08,Vermont,08/08/2013,2013,FALSE,,
KX000146.1,KX000146_2012|2012-08-17,Vermont,17/08/2012,2012,FALSE,Addison,
KX000050.1,KX000050_2012|2012-09-08,Vermont,08/09/2012,2012,FALSE,Whiting,
KT153580.1,KT153580_2012|2012-08-07,Vermont,07/08/2012,2012,FALSE,,
KT153581.1,KT153581_2012|2012-09-18,Vermont,18/09/2012,2012,FALSE,,
KX000089.1,KX000089_1933|1933,Virginia,,1933,FALSE,,
KJ469625.1,KJ469625_2009|2009,Virginia,,2009,FALSE,,
KJ469650.1,KJ469650_2009|2009,Virginia,,2009,FALSE,,
KJ469620.1,KJ469620_2006|2006,Virginia,,2006,FALSE,,
KJ469615.1,KJ469615_2003|2003,Virginia,,2003,FALSE,,
KJ469604.1,KJ469604_2009|2009,Virginia,,2009,FALSE,,
KJ469649.1,KJ469649_2006|2006,Virginia,,2006,FALSE,,
KJ469644.1,KJ469644_2001|2001,Virginia,,2001,FALSE,,
KJ469629.1,KJ469629_2001|2001,Virginia,,2001,FALSE,,
KX000144.1,KX000144_2003|2003-09-29,Virginia,29/09/2003,2003,FALSE,,
KJ659366.1,KJ659366_2007|2007,Virginia,,2007,FALSE,,
KJ469588.1,KJ469588_2005|2005,Virginia,,2005,FALSE,,
KJ469562.1,KJ469562_2005|2005,Virginia,,2005,FALSE,,
KX000102.1,KX000102_2003|2003-09-30,Virginia,30/09/2003,2003,FALSE,,
KJ469619.1,KJ469619_2007|2007,Virginia,,2007,FALSE,,
KJ469618.1,KJ469618_2008|2008,Virginia,,2008,FALSE,,
KJ469647.1,KJ469647_2008|2008,Virginia,,2008,FALSE,,
KJ469651.1,KJ469651_2003|2003,Virginia,,2003,FALSE,,
KJ469646.1,KJ469646_2004|2004,Virginia,,2004,FALSE,,
KJ469632.1,KJ469632_2004|2004,Virginia,,2004,FALSE,,