tip	date	distance	residual
KJ469609_1953|1953	1953.725	0.004687979422917569	-4.048330138722595E-4
KX000218_1973|1973-10-01	1973.7479452054795	0.00798834182291757	-6.06619387320935E-4
KX000099_1969|1969	1969.725	0.00681488192291757	-0.0010764389151160523
KJ469635_1969|1969	1969.725	0.006902563222917569	-9.887576151160525E-4
EF568607_1960|1960	1960.725	0.006113460822917568	-2.0369903941637544E-4
KX000069_1974|1974-09-05	1974.676712328767	0.00909107922291757	3.336703503466435E-4
KJ469567_1974|1974	1974.725	0.00909107922291757	3.2522450949528693E-4
KX000047_1975|1975-07-16	1975.5369863013698	0.00917977112291757	2.7189450411535705E-4
KX000066_1974|1974-09-04	1974.6739726027397	0.00917977112291757	4.2284144699067557E-4
KX000053_1974|1974-09-12	1974.695890410959	0.00900139792291757	2.4063467383825254E-4
KX000065_1974|1974-09-05	1974.676712328767	0.00908807922291757	3.30670350346644E-4
KJ469630_1990|1990	1990.725	0.00970814292291757	-0.001856220191748562
KJ469624_1984|1984	1984.725	0.011135062522917568	6.201400587179072E-4
KU840378_1994|1994-04-06	1994.2602739726028	0.012383764622917568	2.0105813868720283E-4
EF151502_1993|1993	1993.725	0.012295159322917568	2.06075883018228E-4
KJ469579_1982|1982	1982.725	0.010512480822917569	3.473719088733611E-4
KU840369_1986|1986-01-02	1986.0027397260274	0.011581938922917569	8.435311238496959E-4
KJ469575_1996|1996	1996.725	0.013457817522917569	8.440137577850216E-4
KJ469563_1996|1996	1996.725	0.013546519822917569	9.327160577850217E-4
U01034_1982|1982	1982.725	0.012047725622917569	0.0018826167088733612
SL19-1584_S34_2019|2019-08-29	2019.6575342465753	0.015781170222917567	-8.436891516432517E-4
ARB15MS330238_S4_2015|2015-06-25	2015.4794520547946	0.015338393722917568	-5.556907694691492E-4
ARB15MS260175_S6_2015|2015-07-28	2015.5698630136985	0.015427075022917567	-4.8282295872270793E-4
ARB15MS260105_S5_2015|2015-07-06	2015.509589041096	0.015427075022917567	-4.7228063255366944E-4
ARB15MS260353_S12_2015|2015-09-23	2015.7260273972602	0.015602469222917569	-3.347429674334778E-4
RAB15ANI05065-01-00_S10_2015|2015-09-12	2015.695890410959	0.015603660422917569	-3.282806043490138E-4
KX000160_2014|2014-09-01	2014.6657534246576	0.015246818722917568	-5.049443661867409E-4
KX000111_2014|2014-09-02	2014.668493150685	0.015071445522917568	-6.807967628307734E-4
KX000137_2014|2014-08-27	2014.6520547945206	0.015159126822917568	-5.902402829664703E-4
KX000135_2014|2014-07-16	2014.5369863013698	0.015159116222917568	-5.701246239164012E-4
ARB15MS370406_S7_2015|2015-07-27	2015.5671232876712	0.015247808122917568	-6.616106620786748E-4
KX000092_2014|2014-07-31	2014.5780821917808	0.015158116222917567	-5.783125735771607E-4
KX000072_2014|2014-08-21	2014.6356164383562	0.015159126822917568	-5.873651031021668E-4
KX000076_2014|2014-09-03	2014.6712328767123	0.015070434922917568	-6.822865594748057E-4
KU840360_2010|2010-07-22	2010.5534246575342	0.01506892062291757	3.643169653025878E-5
ARB19MS510595_S24_2019|2019-07-31	2019.5780821917808	0.01604751472291757	-5.634479489658208E-4
KJ469625_2009|2009	2009.725	0.014178063222917568	-7.095286182255654E-4
KU840297_2008|2008-06-25	2008.48087431694	0.014178063222917568	-4.919226072101178E-4
KX000182_2004|2004-09-07	2004.6830601092897	0.013381552922917568	-6.241694718056284E-4
KX000091_2004|2004-09-17	2004.7103825136612	0.013469234222917568	-5.412670454416086E-4
KX000095_2004|2004-09-02	2004.6693989071039	0.013468234222917567	-5.350987349876119E-4
KX000051_2003|2003-09-25	2003.731506849315	0.013290861022917568	-5.48428259788767E-4
KX029273_2009|2009-08-19	2009.6301369863013	0.014267555122917568	-6.034445344253857E-4
KJ469571_2003|2003	2003.725	0.013379636922917567	-4.5851426775915007E-4
KU840335_2002|2002-12-18	2002.9616438356165	0.013377636922917569	-3.269981028111487E-4
KU840320_2003|2003-07-28	2003.5698630136985	0.013731677822917567	-7.93388577898773E-5
KX000144_2003|2003-09-29	2003.7424657534248	0.013646490422917568	-1.9471564636495096E-4
KJ469633_2000|2000	2000.725	0.01320142082291757	-1.120100425259403E-4
KJ469570_2001|2001	2001.725	0.013822558122917569	3.3422048239636036E-4
KU840377_2004|2004-12-11	2004.9426229508197	0.013465758122917568	-5.853635713476326E-4
KU840370_2002|2002-07-23	2002.5561643835617	0.013199409222917569	-4.343046994919053E-4
KU840334_2010|2010-08-25	2010.6465753424657	0.015244055122917568	1.9527351063261186E-4
15347-19_S82_2019|2019-10-10	2019.772602739726	0.016668886722917567	2.39010893067354E-5
10838-19_S61_2019|2019-08-21	2019.6356164383562	0.016670886722917565	4.9860921509114337E-5
12388-19_S69_2019|2019-09-03	2019.6712328767123	0.016759568022917566	1.3231266513647616E-4
8117-19_S54_2019|2019-07-31	2019.5780821917808	0.016759568022917566	1.48605351034177E-4
12606-19_S70_2019|2019-09-04	2019.6739726027397	0.016758568022917565	1.308334684924431E-4
10579-19_S60_2019|2019-08-20	2019.6328767123289	0.016758568022917565	1.3802141815314611E-4
13289-19_S72_2019|2019-09-11	2019.6931506849314	0.01693296222291757	3.018732919841116E-4
11854-19_S67_2019|2019-08-28	2019.654794520548	0.01733628702291757	7.119068450007829E-4
10898-19_S62_2019|2019-08-21	2019.6356164383562	0.01733628702291757	7.152612215091184E-4
11548-19_S65_2019|2019-08-27	2019.6520547945206	0.017511660222917568	8.877592416448137E-4
KU840303_2005|2005-07-18	2005.5424657534247	0.013823752022917567	-3.3228624150489876E-4
HM210095_2008|2008-02-13	2008.1174863387978	0.014269025922917568	-3.3740088785127846E-4
KU840295_2003|2003-08-22	2003.6383561643836	0.013290288122917568	-5.327084738911223E-4
KX000145_2003|2003-10-02	2003.7506849315068	0.013736700022917568	-1.0594363629710252E-4
KU840316_2001|2001-10-17	2001.7917808219179	0.013470185022917568	-2.9833035802352345E-5
KJ469572_2001|2001	2001.725	0.013470185022917568	-1.815261760364055E-5
KU840310_2001|2001-08-15	2001.6191780821919	0.013469185022917567	-6.436472273340516E-7
SL19-1332_S31_2019|2019-08-13	2019.613698630137	0.016494240322917568	-1.2295190533846007E-4
SL19-1319_S32_2019|2019-08-13	2019.613698630137	0.016408559022917567	-2.0863320533846125E-4
CC19-0548_S37_2019|2019-09-12	2019.695890410959	0.016585932222917567	-4.5635904659977605E-5
SL19-0635_S29_2019|2019-07-22	2019.5534246575342	0.016674634522917568	6.798462083063353E-5
CC19-0533_S36_2019|2019-09-10	2019.690410958904	0.016496240322917567	-1.3436941137185895E-4
SL19-0643_S40_2019|2019-07-22	2019.5534246575342	0.016584932222917566	-2.1717679169367538E-5
SL18-1204_S28_2018|2018-09-26	2018.7342465753425	0.016497207822917567	3.383771740110564E-5
13866-19_S73_2019|2019-09-17	2019.7095890410958	0.016585910122917567	-4.8053987880138094E-5
18VX3174_S43_2018|2018-11-01	2018.8328767123287	0.016319834622917567	-1.6078656178460451E-4
18VX2715_S44_2018|2018-09-19	2018.7150684931507	0.016495207822917565	3.5192093909439115E-5
ARB15MS330683_S8_2015|2015-09-01	2015.6657534246576	0.016495548122917567	5.688782587355591E-4
KU840352_2013|2013-05-26	2013.3972602739725	0.016138878622917567	6.0898358000782E-4
RAB19ANI05450_S3_2019|2019-08-27	2019.6520547945206	0.016671433922917568	4.753294164481364E-5
14661-19_S79_2019|2019-09-26	2019.7342465753425	0.016939302622917568	3.010257423234075E-4
10084-19_S56_2019|2019-08-15	2019.6191780821919	0.016939302622917568	3.2115200137342037E-4
KU840338_2014|2014-06-21	2014.468493150685	0.015781795722917567	6.453479218478803E-5
KU840341_2013|2013-12-12	2013.945205479452	0.016671656522917567	0.001045922151198076
KU840313_2010|2010-06-15	2010.4520547945206	0.015072213722917569	5.7455072359999595E-5
KU840309_2001|2001-07-24	2001.558904109589	0.01329324842291757	-1.6603792105823745E-4
KX000155_2003|2003-10-22	2003.805479452055	0.01311582262291757	-7.364049691780759E-4
RAB16ANI06320-01-00_S15_2016|2016-10-21	2016.8032786885246	0.016583654422917565	4.580236832631146E-4
KX000123_2014|2014-09-03	2014.6712328767123	0.015605783222917568	-1.4693825947480546E-4
KX000121_2014|2014-09-08	2014.6849315068494	0.015694475122917568	-6.064234269507682E-5
14311-19_S78_2019|2019-09-23	2019.7260273972602	0.016495259522917565	-1.4157976774444372E-4
14117-19_S75_2019|2019-09-23	2019.7260273972602	0.016495259522917565	-1.4157976774444372E-4
KX000223_2014|2014-07-31	2014.5780821917808	0.015428399622917569	-3.080291735771592E-4
KX000178_2013|2013-09-10	2013.690410958904	0.015345707722917568	-2.3546136090538648E-4
KX000083_2013|2013-08-13	2013.613698630137	0.015523101922917568	-4.464965487204452E-5
KX000116_2014|2014-09-03	2014.6712328767123	0.015258026422917568	-4.946950594748051E-4
KX000060_2014|2014-09-03	2014.6712328767123	0.015435399622917569	-3.1732185947480444E-4
KX000109_2014|2014-07-30	2014.5753424657535	0.015346707722917569	-3.8924187693312705E-4
KX000167_2013|2013-08-22	2013.6383561643836	0.015344707722917567	-2.273566246685007E-4
KX000143_2014|2014-09-08	2014.6849315068494	0.015344707722917567	-4.104097426950778E-4
KX000133_2014|2014-08-05	2014.5917808219178	0.015344707722917567	-3.9411705679743246E-4
KX000093_2014|2014-07-29	2014.572602739726	0.015521080922917568	-2.1438948028909555E-4
KX000118_2013|2013-10-03	2013.7534246575342	0.01543239962291757	-1.597909837185111E-4
KX000194_2013|2013-09-10	2013.690410958904	0.015254026422917568	-3.271426609053867E-4
KX000142_2013|2013-10-01	2013.7479452054795	0.015253026422917567	-3.3820579043044967E-4
KU840376_2012|2012-06-26	2012.483606557377	0.015073569222917567	-2.965215948847067E-4
11357-16_S45_2016|2016-09-12	2016.6967213114754	0.016316212522917567	2.0921939044352134E-4
15435-19_S83_2019|2019-10-17	2019.7917808219179	0.016226678522917568	-4.216614872016543E-4
12670-19_S71_2019|2019-09-05	2019.676712328767	0.016404388722917565	-2.238250281515891E-4
14229-17_S49_2017|2017-10-25	2017.813698630137	0.015869384822917568	-4.32975210198569E-4
15191-19_S81_2019|2019-10-07	2019.7643835616439	0.01694502182291757	3.014737792388332E-4
10529-19_S59_2019|2019-08-20	2019.6328767123289	0.01694502182291757	3.244752181531495E-4
11403-19_S64_2019|2019-08-27	2019.6520547945206	0.016767648622917568	1.437476416448133E-4
14149-19_S76_2019|2019-09-23	2019.7260273972602	0.017031724122917567	3.9488483225555773E-4
11716-19_S66_2019|2019-08-28	2019.654794520548	0.016854340522917566	2.2996034500077922E-4
10278-19_S58_2019|2019-08-19	2019.6301369863013	0.016853340522917568	2.332731147972368E-4
RAB19ANI04511_S25_2019|2019-08-13	2019.613698630137	0.015354606222917568	-0.0012625860053384601
ARB17MS370250_S26_2017|2017-07-26	2017.5643835616438	0.015444287522917568	-8.144656155900966E-4
ARB17MS330746_S18_2017|2017-09-26	2017.7342465753425	0.015445287522917567	-8.431758075211401E-4
ARB18MS330453_S21_2018|2018-08-07	2018.5972602739726	0.015534968822917569	-9.044414503964569E-4
ARB18MS330394_S19_2018|2018-07-31	2018.5780821917808	0.015534968822917569	-9.010870738881214E-4
ARB18MS370301_S20_2018|2018-07-30	2018.5753424657535	0.01588879922291757	-5.467774772440898E-4
ARB17MS260236_S17_2017|2017-09-19	2017.7150684931507	0.015531968822917568	-7.531401310128041E-4
16370365_S13_2016|2016-08-17	2016.6256830601094	0.015620660722917568	-4.7390733810287466E-4
KX029242_2013|2013-08-19	2013.6301369863013	0.01481853292291757	-7.520938347363466E-4
KX029239_2013|2013-08-21	2013.6356164383562	0.01472983062291757	-8.417545280244663E-4
KU840350_2005|2005-05-26	2005.3972602739725	0.013842807022917568	-2.878338193703107E-4
KJ469568_2005|2005	2005.725	0.013842807022917568	-3.451577179146032E-4
HM210097_2005|2005-05-26	2005.3972602739725	0.013929488322917568	-2.0115251937031023E-4
KX029283_2012|2012-09-05	2012.6775956284152	0.014728173922917568	-6.75846897700302E-4
KX029256_2013|2013-09-03	2013.6712328767123	0.014730173922917568	-8.47640784397051E-4
KX000206_2012|2012-08-24	2012.6448087431695	0.014730173922917568	-6.681122493371258E-4
KX029235_2013|2013-08-26	2013.6493150684933	0.014905547122917568	-6.68434011244683E-4
KX000148_2013|2013-07-29	2013.572602739726	0.01612566972291757	5.651060947886588E-4
KX000073_2013|2013-08-23	2013.641095890411	0.01612566972291757	5.531261786874686E-4
KX000139_2013|2013-08-25	2013.6465753424657	0.016303042922917566	7.295409853994017E-4
KX000113_2013|2013-08-05	2013.5917808219178	0.016303042922917566	7.391249182803206E-4
KX000103_2013|2013-08-14	2013.6164383561643	0.016124669722917567	5.564389484839227E-4
KX000108_2013|2013-09-07	2013.682191780822	0.016211351022917566	6.316195290267078E-4
KX000084_2013|2013-08-05	2013.5917808219178	0.01621035102291757	6.464330182803235E-4
KU840315_2008|2008-06-13	2008.448087431694	0.014162383422917568	-5.018677588469415E-4
KU840296_2004|2004-06-09	2004.4371584699454	0.013560702622917567	-4.0200990908158783E-4
KX029294_2009|2009-09-22	2009.7232876712328	0.015111603622917568	2.243112796769687E-4
KX029290_2010|2010-08-20	2010.6328767123289	0.014842704822917567	-2.036808061471728E-4
KX029268_2009|2009-08-19	2009.6301369863013	0.014754012922917567	-1.169867344253863E-4
KU840304_2008|2008-08-07	2008.5983606557377	0.014804411922917567	1.138769361550291E-4
KJ469647_2008|2008	2008.725	0.014537607422917568	-1.7507764314781023E-4
RAB15ANI05176_2015|2015-09-24	2015.7287671232878	0.015603304722917568	-3.3438666407756626E-4
RAB15ANI04939_2015|2015-09-02	2015.668493150685	0.015514612822917568	-4.1253623790852775E-4
KX000212_2014|2014-07-29	2014.572602739726	0.015337735922917569	-3.9773448028909524E-4
KX000126_2014|2014-09-06	2014.6794520547944	0.015250054622917569	-5.041044494069561E-4
KX000149_2014|2014-08-07	2014.5972602739726	0.015425427822917568	-3.1435535008549585E-4
KU840355_2014|2014-08-18	2014.627397260274	0.015160164922917567	-5.848894131700155E-4
KU840301_2014|2014-06-18	2014.4602739726026	0.015960734222917567	2.449108821169395E-4
KX000082_2009|2009-09-23	2009.7260273972602	0.015514591922917568	6.268203830329371E-4
KJ469618_2008|2008	2008.725	0.014803863422917568	9.117835685218921E-5
KU840300_2010|2010-05-11	2010.3561643835617	0.01498283922291757	-1.5147545098266949E-5
KJ469619_2007|2007	2007.725	0.014090643222917568	-4.471350680700561E-4
KU840375_2001|2001-06-25	2001.4794520547946	0.01391411212291757	4.68722481619192E-4
KJ469591_2001|2001	2001.725	0.01391411212291757	4.25774482396361E-4
KX029309_2004|2004-10-01	2004.7486338797814	0.014273461022917567	2.562693314679624E-4
KP282670_2005|2005	2005.725	0.014273461022917567	8.549628208539585E-5
KX029289_2006|2006-08-09	2006.6027397260275	0.014274461022917568	-6.702634275169116E-5
KJ469556_2005|2005	2005.725	0.014363142322917568	1.7517758208539756E-4
KX029297_2006|2006-09-20	2006.717808219178	0.014630249422917569	2.686357981982416E-4
KX029266_2006|2006-09-13	2006.6986301369864	0.01454153652291757	1.8327727470657772E-4
KX029303_2005|2005-08-24	2005.6438356164383	0.014449834222917568	2.760656826653052E-4
KX029252_2007|2007-07-04	2007.504109589041	0.014449834222917568	-4.9308838643680186E-5
KJ469631_2005|2005	2005.725	0.014536536522917568	3.485717820853971E-4
KU840362_2005|2005-07-01	2005.495890410959	0.014359371222917567	2.1147930144392417E-4
KU840358_2003|2003-05-19	2003.3780821917808	0.013825799122917568	4.8326207293534346E-5
KU840340_2003|2003-06-26	2003.482191780822	0.013737065222917568	-5.861716518035069E-5
KU840333_2008|2008-02-13	2008.1174863387978	0.014536049422917568	-7.037738785127881E-5
KU840326_2004|2004-06-15	2004.4535519125684	0.01391254362291757	-5.3036233263229274E-5
KX000122_2003|2003-10-02	2003.7506849315068	0.013736638822917568	-1.0600483629710257E-4
KJ469642_2003|2003	2003.725	0.013559244622917568	-2.7890656775914936E-4
KJ469582_2003|2003	2003.725	0.013471563322917568	-3.665878677591491E-4
KX000102_2003|2003-09-30	2003.7452054794521	0.013471563322917568	-3.701219430090382E-4
KU840332_2003|2003-04-22	2003.304109589041	0.013559276222917568	-2.0525838331715562E-4
KX000204_2007|2007-04-26	2007.3150684931506	0.014537266422917567	7.118792979569737E-5
KU840374_2013|2013-09-27	2013.7369863013698	0.015605580722917569	1.62652961457916E-5
KX000162_2009|2009-09-22	2009.7232876712328	0.014804432322917569	-8.286002032303029E-5
KJ469588_2005|2005	2005.725	0.014269479222917568	8.151448208539719E-5
KJ469562_2005|2005	2005.725	0.014004403722917568	-1.8356101791460258E-4
KJ469613_2003|2003	2003.725	0.013471779422917567	-3.663717677591504E-4
KJ469606_2004|2004	2004.725	0.013295406222917569	-7.176517428368473E-4
KJ469584_2004|2004	2004.725	0.01347077942291757	-5.422785428368469E-4
KU840324_2010|2010-08-18	2010.627397260274	0.014536344322917569	-5.090829128590515E-4
KU840345_2007|2007-12-18	2007.9616438356165	0.013735075722917567	-8.440931781998114E-4
KU840305_2003|2003-05-06	2003.3424657534247	0.013114012022917568	-6.572313363338821E-4
KJ469555_2003|2003	2003.725	0.013468842422917569	-3.693087677591484E-4
KX000231_2010|2010-08-31	2010.66301369863	0.014638377222917569	-4.1327956923169033E-4
KX000164_2009|2009-09-03	2009.6712328767123	0.014638377222917569	-2.3981038408614312E-4
KX000080_2010|2010-08-24	2010.6438356164383	0.014638377222917569	-4.0992519272335486E-4
KX000074_2009|2009-08-27	2009.6520547945206	0.014638377222917569	-2.3645600757780764E-4
KX000048_2010|2010-06-30	2010.4931506849316	0.014638377222917569	-3.835693773007031E-4
KX000054_2010|2010-08-19	2010.6301369863013	0.014638377222917569	-4.07529209503139E-4
KX000227_2009|2009-08-13	2009.613698630137	0.014728058522917567	-1.4006595456108294E-4
KX000127_2010|2010-08-24	2010.6438356164383	0.014728058522917567	-3.202438927233566E-4
KX000195_2011|2011-08-22	2011.6383561643836	0.01473005852291757	-4.921922745130449E-4
KX000140_2010|2010-08-20	2010.6328767123289	0.01473005852291757	-3.1632710614717084E-4
KX000181_2014|2014-08-06	2014.5945205479452	0.014729058522917568	-0.001010245453441463
KX000063_2009|2009-08-26	2009.6493150684933	0.01473005852291757	-1.4429551093377534E-4
KX000166_2011|2011-08-16	2011.6219178082192	0.01490745272291757	-3.1192289464874144E-4
KX000056_2010|2010-08-19	2010.6301369863013	0.014732058522917568	-3.1384790950314025E-4
KX000094_2011|2011-09-12	2011.695890410959	0.014819739822917568	-4.125741040380531E-4
KX000096_2011|2011-09-27	2011.7369863013698	0.014996134022917568	-2.4336785369875533E-4
KX000224_2011|2011-08-20	2011.6328767123289	0.01481875042291757	-4.025419812249253E-4
KX000172_2010|2010-09-02	2010.668493150685	0.014814750422917569	-2.3786476251981027E-4
KX000208_2010|2010-09-08	2010.6849315068494	0.014903452722917569	-1.5203764238411362E-4
KX000183_2009|2009-09-14	2009.7013698630137	0.014725058522917568	-1.5840024717066366E-4
KX000191_2010|2010-09-23	2010.7260273972602	0.014814750422917569	-2.479278920448167E-4
KX000201_2012|2012-08-29	2012.6584699453551	0.01516962282291757	-2.3105278615508616E-4
KX000059_2009|2009-08-18	2009.627397260274	0.014901452722917569	3.093226221864698E-5
KX000209_2011|2011-09-07	2011.682191780822	0.014902452722917568	-3.2746522081778147E-4
KX000134_2011|2011-08-18	2011.627397260274	0.014990134022917568	-2.301999879368074E-4
KX000211_2009|2009-09-22	2009.7232876712328	0.014724058522917569	-1.6323382032303047E-4
KX000189_2010|2010-09-08	2010.6849315068494	0.014812750422917569	-2.4273994238411395E-4
KX000219_2010|2010-08-31	2010.66301369863	0.014725058522917568	-3.265982692316916E-4
KX000129_2011|2011-08-17	2011.6246575342466	0.014725058522917568	-4.947962912927751E-4
KX000174_2011|2011-08-09	2011.6027397260275	0.014811739822917568	-4.042814181404071E-4
KX000168_2009|2009-07-29	2009.572602739726	0.014633377222917568	-2.275593049003797E-4
KX000221_2011|2011-07-21	2011.5506849315068	0.014810739822917569	-3.9617668190346407E-4
KX000058_2011|2011-08-17	2011.6246575342466	0.01472305852291757	-4.967962912927736E-4
KX000158_2011|2011-08-11	2011.6082191780822	0.014809739822917568	-4.072398114284715E-4
KX000090_2010|2010-09-09	2010.6876712328767	0.014809750422917567	-2.462191390281473E-4
KX000210_2010|2010-09-29	2010.7424657534248	0.01498513402291757	-8.04194719091194E-5
KX000220_2011|2011-08-24	2011.6438356164383	0.015164507222917569	-5.870196780110963E-5
KX000154_2011|2011-08-03	2011.5863013698631	0.014987113022917569	-2.2603303827610326E-4
KX000200_2011|2011-08-18	2011.627397260274	0.014899431722917569	-3.20902287936806E-4
KX000110_2011|2011-08-10	2011.6054794520549	0.014899431722917569	-3.1706871478443845E-4
KX000161_2011|2011-07-18	2011.5424657534247	0.014899431722917569	-3.060471919713124E-4
KX000205_2010|2010-08-12	2010.6109589041096	0.015074815322917568	3.226326700519512E-5
KX000138_2011|2011-07-27	2011.5671232876712	0.015252209522917568	4.2417838232286856E-5
KX000049_2011|2011-07-27	2011.5671232876712	0.015519316622917568	3.0952493823228726E-4
KX000062_2011|2011-08-25	2011.6465753424657	0.015519316622917568	2.956282355548578E-4
KX000070_2008|2008-09-16	2008.707650273224	0.014630377222917568	-7.927325838900066E-5
KX000213_2008|2008-08-26	2008.6502732240438	0.014541695922917567	-1.579189237533602E-4
KX000173_2008|2008-08-27	2008.6530054644809	0.014542695922917568	-1.5739681111698496E-4
KX000131_2008|2008-09-30	2008.7459016393443	0.014631387822917568	-8.495308147937232E-5
KX000105_2008|2008-10-02	2008.7513661202186	0.014541695922917567	-1.756007562065693E-4
KX000180_2008|2008-09-18	2008.7131147540983	0.014540695922917568	-1.6991033311619663E-4
KX000159_2008|2008-08-28	2008.655737704918	0.014719090122917567	1.8519501519443857E-5
KX000117_2008|2008-08-28	2008.655737704918	0.014719090122917567	1.8519501519443857E-5
KX000226_2009|2009-08-06	2009.5945205479452	0.014542695922917568	-3.220741780527465E-4
KX000216_2006|2006-08-03	2006.5863013698631	0.014542695922917568	2.040837371125575E-4
KX000067_2009|2009-07-23	2009.5561643835617	0.014542695922917568	-3.153654250360755E-4
KX000177_2009|2009-08-13	2009.613698630137	0.014542695922917568	-3.2542855456108195E-4
KX000202_2009|2009-09-03	2009.6712328767123	0.014632377222917568	-2.458103840861439E-4
KX000228_2010|2010-08-30	2010.6602739726027	0.015164686022917569	1.1350842741234164E-4
KX000151_2009|2009-08-13	2009.613698630137	0.014631377222917569	-2.3674725456108124E-4
KX000128_2009|2009-08-27	2009.6520547945206	0.014807771422917568	-6.706180757780865E-5
KX000107_2009|2009-09-08	2009.6849315068494	0.014719069122917568	-1.6151446730636003E-4
KX000217_2009|2009-07-28	2009.5698630136985	0.014540695922917568	-3.197614082562916E-4
KX000064_2009|2009-09-25	2009.731506849315	0.014716069122917569	-1.7266081025518222E-4
KX000125_2008|2008-08-18	2008.6284153005465	0.014626387822917569	-6.940392484457505E-5
KX000086_2002|2002-10-11	2002.7753424657535	0.01347109332291757	-2.0095633101580197E-4
KU840342_2001|2001-06-28	2001.4876712328767	0.013914657622917567	4.6783039168703765E-4
KU840317_2001|2001-11-21	2001.8876712328768	0.013737200422917569	2.2041048165591555E-4
KJ469597_2001|2001	2001.725	0.013737200422917569	2.4886278239636024E-4
KJ469628_2001|2001	2001.725	0.013292006122917569	-1.9633151760363975E-4
KU840348_2005|2005-05-25	2005.3945205479451	0.013734240422917569	-3.959212227262771E-4
KU840325_2005|2005-06-23	2005.4739726027397	0.014089070822917568	-5.4987525403652274E-5
KJ469651_2003|2003	2003.725	0.013646952622917569	-1.9119856775914879E-4
KJ469646_2004|2004	2004.725	0.013736644522917568	-2.7641344283684845E-4
KJ469632_2004|2004	2004.725	0.013736644522917568	-2.7641344283684845E-4
KU840353_1991|1991-09-19	1991.7150684931507	0.011512884622917567	-2.2464817899163318E-4
KU840367_2002|2002-10-30	2002.827397260274	0.013649695722917568	-3.1458667252745945E-5
KJ469585_2002|2002	2002.725	0.013737377022917567	7.413260731860445E-5
KU840366_2001|2001-08-13	2001.613698630137	0.013380995322917569	-8.787495393921228E-5
KU840373_2001|2001-07-12	2001.5260273972603	0.012933348422917568	-5.201875613296322E-4
KU840336_2008|2008-04-21	2008.3032786885246	0.014535077422917568	-1.0384572857610914E-4
KU840321_2009|2009-06-23	2009.4739726027397	0.014800152922917567	-4.353252571461484E-5
KU840299_2008|2008-05-06	2008.344262295082	0.014444716022917569	-2.0137543903010584E-4
KU840322_2002|2002-05-15	2002.3671232876711	0.013645638122917568	4.498876894747268E-5
KU840293_2005|2005-05-22	2005.386301369863	0.014536244922917569	4.075208672058746E-4
AY705241_1991|1991-06-01	1991.4136986301369	0.011600172222917567	-8.46489481462747E-5
KU840346_2001|2001-07-24	2001.558904109589	0.01311123032291757	-3.4805602105823785E-4
KU840308_2005|2005-06-28	2005.4876712328767	0.014177988322917568	3.153399137607697E-5
KJ469621_2003|2003	2003.725	0.013467581222917567	-3.7056996775915E-4
KU840343_2002|2002-11-07	2002.849315068493	0.013380392022917569	-3.045959404051127E-4
KX000179_2009|2009-09-29	2009.7424657534248	0.014094395922917568	-7.962507968314221E-4
KU840371_2003|2003-06-18	2003.4602739726026	0.01301939092291757	-7.724578920279262E-4
HM210098_2003|2003-04-02	2003.2493150684932	0.012841933722917568	-9.130169504362375E-4
KU840337_2001|2001-12-23	2001.9753424657533	0.013019643422917568	-5.124808109536107E-4
KU840330_2003|2003-04-25	2003.3123287671233	0.012577525322917569	-0.0011884468732493072
SL19-1569_S35_2019|2019-08-29	2019.6575342465753	0.01703468432291757	4.098249483567504E-4
SL19-1516_S33_2019|2019-08-25	2019.6465753424657	0.015422278622917568	-0.0012006639650670673
19350-18_S53_2018|2018-10-09	2018.7698630136986	0.015247905422917568	-0.0012216942389714769
13966-17_S46_2017|2017-10-05	2017.7589041095891	0.015425278622917567	-8.674974773175952E-4
14098-17_S47_2017|2017-10-11	2017.7753424657535	0.015691417122917568	-6.042341571818981E-4
18341-18_S51_2018|2018-09-26	2018.7342465753425	0.015424278622917568	-0.0010390914825988938
18694-18_S52_2018|2018-10-01	2018.7479452054795	0.015601693822917569	-8.640722658191085E-4
17667-18_S50_2018|2018-09-19	2018.7150684931507	0.015332586722917568	-0.0011274290060905579
KX029269_2013|2013-09-12	2013.695890410959	0.015153677722917569	-4.284497541935054E-4
ARB17MS510915_S16_2017|2017-08-16	2017.6219178082192	0.015776659522917565	-4.921567451151611E-4
KU840359_2009|2009-06-05	2009.4246575342465	0.014000420822917569	-8.346390861217589E-4
KU840339_2013|2013-04-08	2013.2657534246575	0.014800405022917568	-7.064885810778628E-4
KU840298_2013|2013-04-08	2013.2657534246575	0.014800405022917568	-7.064885810778628E-4
SL19-1219_S41_2019|2019-08-07	2019.5972602739726	0.017023569122917567	4.0925207452584267E-4
NM19-0698_S39_2019|2019-09-23	2019.7260273972602	0.017023569122917567	3.8672983225555846E-4
SL18-1166_S27_2018|2018-09-17	2018.7095890410958	0.016757220222917566	2.981628871975596E-4
ARB18MS350318_S22_2018|2018-09-20	2018.717808219178	0.016757220222917566	2.967252972654079E-4
9180-19_S55_2019|2019-08-08	2019.725	0.01666752832291757	3.086873099705789E-5
14759-19_S80_2019|2019-09-30	2019.7452054794521	0.01693380362291757	2.9360995574716914E-4
10229-19-19_S57_2019|2019-08-19	2019.6301369863013	0.017024484922917568	4.0441751479723675E-4
12004-19_S68_2019|2019-08-29	2019.6575342465753	0.017113176822917568	4.883174483567496E-4
14275-19_S74_2019|2019-09-23	2019.7260273972602	0.017023484922917567	3.8664563225555837E-4
19VX2817_S42_2019|2019-08-28	2019.654794520548	0.01719987912291757	5.754989450007832E-4
CM19-2280_S38_2019|2019-09-24	2019.7287671232878	0.015599362322917568	-0.0010379561643885284
KU840292_2013|2013-01-08	2013.0191780821917	0.015152158822917568	-3.116070831134781E-4
11309-19_S63_2019|2019-08-26	2019.6493150684933	0.01560070432291757	-0.001022717461711153
KU840327_2010|2010-08-31	2010.66301369863	0.015599540022917567	5.47883230768308E-4
KX000222_2005|2005-07-27	2005.5671232876712	0.014094080722917568	-6.627031130129746E-5
KJ659366_2007|2007	2007.725	0.014447869122917569	-8.990916807005526E-5
KJ469612_1998|1998	1998.725	0.013113639522917568	1.500222076295677E-4
KJ469608_1998|1998	1998.725	0.013201320822917568	2.3770350762956742E-4
KX000163_2003|2003-09-24	2003.7287671232878	0.013558198622917567	-2.8061146314473616E-4
KX000079_2003|2003-09-24	2003.7287671232878	0.013558198622917567	-2.8061146314473616E-4
RAB16ANI05362-01-00_S14_2016|2016-08-23	2016.6420765027322	0.016390019022917566	2.9258363771553567E-4
KJ469650_2009|2009	2009.725	0.014975760422917568	8.81685817744355E-5
KX000071_2013|2013-09-12	2013.695890410959	0.016310430022917568	7.283025458064939E-4
KU840294_2010|2010-06-14	2010.4493150684932	0.015776236222917565	7.619567690040838E-4
KJ469620_2006|2006	2006.725	0.015243955222917568	8.810837070076429E-4
AY705240_1997|1997-08-01	1997.5808219178082	0.013020398222917569	2.5690540610035645E-4
KX029317_2011|2011-09-15	2011.704109589041	0.01551139812291757	2.77646606029797E-4
KX029298_2011|2011-09-15	2011.704109589041	0.01551139812291757	2.77646606029797E-4
KX029301_2011|2011-09-14	2011.7013698630137	0.01533502492291757	1.0175260267388485E-4
KX029291_2012|2012-09-18	2012.7131147540983	0.015425706222917569	1.5472866572897523E-5
KX029248_2012|2012-08-09	2012.603825136612	0.015425706222917569	3.4588361116928354E-5
KX029236_2012|2012-09-05	2012.6775956284152	0.015512387522917568	1.0836670229969793E-4
KX029293_2013|2013-09-17	2013.7095890410958	0.015867175922917566	2.8265246258627613E-4
KX029230_2014|2014-09-23	2014.7260273972602	0.01622209052291757	4.597851076442207E-4
KX029275_2011|2011-09-13	2011.6986301369864	0.015420706222917567	1.8791309931791463E-4
KX029281_2009|2009-10-09	2009.7698630136986	0.015420716822917568	5.252781367281467E-4
KX000157_2013|2013-08-08	2013.6	0.015511419122917569	-5.3936471651772414E-5
KX000050_2012|2012-09-08	2012.6857923497269	0.015156588722917568	-2.4886575979112327E-4
KX000146_2012|2012-08-17	2012.6256830601094	0.015156588722917568	-2.3835223779191186E-4
KT153580_2012|2012-08-07	2012.5983606557377	0.01542166422291757	3.150213584406959E-5
KT153581_2012|2012-09-18	2012.7131147540983	0.015420695822917567	1.0462466572895915E-5
KX000230_2012|2012-07-23	2012.5573770491803	0.015244867022917568	-1.3812675370187925E-4
KJ469604_2009|2009	2009.725	0.015422411122917567	5.348192817744343E-4
KU840361_2010|2010-05-09	2010.3506849315067	0.015689435922917567	6.924075481898502E-4
KX029316_2012|2012-08-22	2012.639344262295	0.01596022552291757	5.628951253900706E-4
KX029296_2012|2012-08-01	2012.5819672131147	0.015962225522917567	5.749307600257103E-4
KX029287_2012|2012-09-14	2012.7021857923498	0.016050917422917567	6.42595616027232E-4
KX029306_2012|2012-08-14	2012.6174863387978	0.016139619722917567	7.461124242989087E-4
KX029270_2012|2012-09-02	2012.6693989071039	0.016139619722917567	7.370325643904635E-4
KX029304_2011|2011-10-20	2011.8	0.016052906822917566	8.023834234881164E-4
KX029254_2011|2011-09-14	2011.7013698630137	0.016230301022917566	9.970287026738814E-4
KX029258_2012|2012-08-21	2012.636612021858	0.015965225522917566	5.683730127536944E-4
KX029255_2011|2011-07-19	2011.545205479452	0.016053906822917567	8.479487113846537E-4
KX029267_2011|2011-09-26	2011.7342465753425	0.016231301022917567	9.922783429452756E-4
KX029288_2012|2012-07-23	2012.5573770491803	0.015963225522917568	5.80231746298121E-4
KX029250_2012|2012-07-25	2012.5628415300546	0.015963225522917568	5.79275971570925E-4
KX029238_2012|2012-07-09	2012.51912568306	0.015963225522917568	5.86922169388493E-4
KX029257_2011|2011-08-17	2011.6246575342466	0.015963225522917568	7.43370708707225E-4
KX029233_2012|2012-08-16	2012.622950819672	0.016049906822917567	6.554437495717123E-4
KX029295_2012|2012-08-13	2012.6147540983607	0.016048906822917566	6.558774116624776E-4
KX029244_2012|2012-07-25	2012.5628415300546	0.016226332622917568	8.423830715709249E-4
KX029240_2010|2010-08-30	2010.6602739726027	0.015959236122917567	9.080585274123393E-4
KX029313_2010|2010-07-12	2010.5260273972603	0.015872554822917564	8.448578629706854E-4
KX029284_2010|2010-07-20	2010.5479452054794	0.015962236122917566	9.307055898183196E-4
KX029271_2010|2010-09-01	2010.6657534246576	0.016050928022917566	9.987920341242192E-4
KX029311_2010|2010-07-27	2010.5671232876712	0.015961236122917565	9.263512133099831E-4
KX029264_2010|2010-09-08	2010.6849315068494	0.015871554822917567	8.160644576158844E-4
KX029286_2009|2009-09-15	2009.704109589041	0.015780862922917565	8.969249561853014E-4
KX029277_2010|2010-07-14	2010.531506849315	0.015692181622917568	6.635262696826245E-4
KX029308_2010|2010-08-04	2010.5890410958905	0.015691181622917567	6.524631401575616E-4
KX029234_2008|2008-09-30	2008.7459016393443	0.015777862922917565	0.0010615220185206248
KX029299_2008|2008-09-16	2008.707650273224	0.015866554822917565	0.0011569043416109967
KX029263_2008|2008-08-14	2008.6174863387978	0.015779862922917567	0.0010859827246098158
KX029278_2008|2008-09-05	2008.6775956284152	0.015868554822917567	0.00116416110261066
KX029243_2009|2009-09-14	2009.7013698630137	0.015779862922917567	8.964041528293359E-4
KX029282_2009|2009-08-17	2009.6246575342466	0.016044938422917567	0.0011748971588626776
ARB19MS370212_S23_2019|2019-07-08	2019.5150684931507	0.016223919522917567	-3.7602162615275186E-4
ARB19MS330484_S3_2019|2019-08-15	2019.6191780821919	0.016312611422917567	-3.0553919862658097E-4
KX000075_2008|2008-08-05	2008.5928961748634	0.01479983192291757	1.10252710882228E-4
KU840347_2009|2009-03-16	2009.2027397260274	0.01524334362291757	4.470986420461714E-4
KX000197_2013|2013-08-07	2013.5972602739726	0.016579316022917567	0.0010144396249922583
KU840323_2014|2014-06-23	2014.4739726027397	0.01613233712291757	4.141177988967251E-4
KX000184_2014|2014-09-24	2014.7287671232878	0.016132522622917568	3.6973801100013276E-4
KJ469649_2006|2006	2006.725	0.015064981122917568	7.021096070076432E-4
KU840328_2005|2005-06-06	2005.427397260274	0.014264396922917569	1.2848491754517168E-4
KU840306_2003|2003-05-26	2003.3972602739725	0.013820927222917568	4.009993078519895E-5
KU840319_2003|2003-06-02	2003.4164383561645	0.013909640122917568	1.254584542768073E-4
KU840357_2010|2010-07-11	2010.5232876712328	0.01559887442291757	5.71656659614778E-4
KU840372_2008|2008-10-03	2008.7540983606557	0.015686421422917568	9.686468564298056E-4
KU840344_2008|2008-07-21	2008.551912568306	0.015331506822917567	6.490959213362232E-4
KJ469615_2003|2003	2003.725	0.014264712522917567	4.2656133224085006E-4
KX000225_2003|2003-09-24	2003.7287671232878	0.014442484122917569	6.036740368552656E-4
KX000153_2003|2003-09-24	2003.7287671232878	0.014266110922917569	4.273008368552659E-4
KU840368_2012|2012-01-06	2012.0136612021859	0.016403955522917568	0.0011160613316545387
KU840331_2010|2010-06-23	2010.4739726027397	0.015337006122917567	3.1841389920763026E-4
KJ469627_2003|2003	2003.725	0.014265103022917568	4.2695183224085095E-4
KU840318_1992|1992-06-25	1992.48087431694	0.011865026622917567	-6.450805966324788E-6
KJ469605_1992|1992	1992.725	0.011865026622917567	-4.915004190401799E-5
KJ469644_2001|2001	2001.725	0.012843482722917568	-6.448549176036409E-4
KJ469629_2001|2001	2001.725	0.012578407222917568	-9.099304176036407E-4
KU840379_2002|2002-11-01	2002.8328767123287	0.013482549322917568	-1.9956346054081017E-4
KJ469592_2002|2002	2002.725	0.013482549322917568	-1.8069509268139536E-4
KJ469560_2001|2001	2001.725	0.013125400622917569	-3.629370176036397E-4
KU840314_2003|2003-07-14	2003.531506849315	0.013909823522917567	1.0551559522679367E-4
PY19-0166_S30_2019|2019-07-23	2019.5561643835617	0.01791989472291757	0.0013127656241865467
KX029319_2013|2013-08-27	2013.6520547945206	0.016223855022917566	6.493946921112825E-4
KX029279_2013|2013-10-07	2013.7643835616439	0.016224855022917567	6.307476297052472E-4
KX029274_2014|2014-08-11	2014.6082191780822	0.016403228222917565	6.615282633383179E-4
KX029232_2014|2014-07-15	2014.5342465753424	0.016403228222917565	6.744665727276278E-4
KX029260_2014|2014-08-04	2014.5890410958905	0.016489909522917567	7.515639398466556E-4
KU840302_2004|2004-06-29	2004.4918032786886	0.014891925222917568	9.196549436463978E-4
KX029318_2012|2005-08-17	2005.6246575342466	0.014006997522917569	-1.6341664082635855E-4
KX029310_2006|2006-08-14	2006.6164383561643	0.014096678822917567	-2.472045259719075E-4
KX029276_2006|2006-07-17	2006.5397260273974	0.014540159122917567	2.0969328006137898E-4
KX029262_2006|2006-07-26	2006.5643835616438	0.014451467222917567	1.1668861026497938E-4
KX029314_2007|2007-08-13	2007.613698630137	0.014542138122917568	2.382719559437113E-5
KX029300_2007|2007-09-26	2007.7342465753425	0.014278062622917568	-2.613329567437619E-4
KX029241_2007|2007-10-05	2007.7589041095891	0.014365743922917567	-1.7796442654021728E-4
KX029253_2006|2006-10-02	2006.7506849315068	0.014453477822917568	8.611383846969002E-5
KX029237_2006|2006-08-02	2006.5835616438355	0.014275062622917568	-6.307036624335523E-5
KX029247_2006|2006-08-11	2006.6082191780822	0.014362764922917567	2.031916396018872E-5
KX029292_2006|2006-07-31	2006.5780821917808	0.013919316222917567	-4.1785837295523626E-4
KX029246_2004|2004-07-28	2004.5710382513662	0.013919316222917567	-6.681278989802836E-5
KX029280_2005|2005-09-05	2005.676712328767	0.014097678822917568	-8.18400770632461E-5
KX029249_2004|2004-08-18	2004.6284153005465	0.014274052022917568	2.778873754663864E-4
KX029272_2004|2004-08-18	2004.6284153005465	0.014008997522917567	1.2832875466385965E-5
KX029251_2005|2005-08-08	2005.6	0.014007997522917566	-1.581038710299059E-4
KX029259_2004|2004-08-04	2004.5901639344263	0.013917316222917567	-7.215800144324234E-5
KX029315_2005|2005-09-27	2005.7369863013698	0.014271104622917568	8.104339676765979E-5
KX029265_2004|2004-09-24	2004.7295081967213	0.014359827922917567	3.459814430131769E-4
KX029231_2006|2006-08-02	2006.5835616438355	0.014092689422917568	-2.454435662433557E-4
KX029305_2006|2006-08-14	2006.6164383561643	0.014092689422917568	-2.5119392597190704E-4
KX029261_2005|2005-07-25	2005.5616438356165	0.014001997522917567	-1.57395118013234E-4
KX000229_2006|2006-08-24	2006.6438356164383	0.01471940832291757	3.7073300758760745E-4
KX000150_2006|2006-08-16	2006.6219178082192	0.01480810022291757	4.63258480739975E-4
KX000190_2006|2006-09-13	2006.6986301369864	0.014633727022917568	2.754677747065764E-4
KX000112_2006|2006-08-17	2006.6246575342466	0.014633727022917568	2.8840608409594175E-4
KX000188_2006|2006-07-26	2006.5643835616438	0.014723408322917568	3.886297102649802E-4
KX000186_2006|2006-08-10	2006.6054794520549	0.014812100222917568	4.701336606042217E-4
KX000187_2006|2006-08-15	2006.6191780821919	0.014723408322917568	3.7904577738400586E-4
KX000088_2006|2006-08-28	2006.654794520548	0.014900781522917567	5.501894210113659E-4
KX000215_2007|2007-07-11	2007.5232876712328	0.015167920022917569	6.654225848479849E-4
KX000115_2007|2007-07-09	2007.517808219178	0.015167920022917569	6.663809781361045E-4
KX000171_2007|2007-07-11	2007.5232876712328	0.015167920022917569	6.654225848479849E-4
KX000185_2007|2007-06-25	2007.4794520547946	0.015167920022917569	6.730897311527199E-4
KX000106_2007|2007-07-18	2007.5424657534247	0.015167920022917569	6.620682083396494E-4
KX000156_2007|2007-07-16	2007.5369863013698	0.015167920022917569	6.63026601627769E-4
KX000196_2007|2007-07-25	2007.5616438356165	0.015167920022917569	6.587138318313139E-4
KX000176_2006|2006-09-11	2006.6931506849314	0.014721408322917568	3.6410746799469575E-4
KX000097_2006|2006-09-14	2006.7013698630137	0.014722408322917569	3.6366987806254504E-4
KX000085_2006|2006-09-11	2006.6931506849314	0.014722408322917569	3.6510746799469675E-4
KX000087_2007|2007-07-26	2007.5643835616438	0.014809100222917567	2.9941483518728003E-4
KX000081_2006|2006-09-21	2006.7205479452055	0.014809100222917567	4.4700740155420755E-4
KX000057_2006|2006-07-26	2006.5643835616438	0.01471940832291757	3.846297102649814E-4
KX000132_2006|2006-09-12	2006.695890410959	0.01489680252291757	5.390224713506652E-4
KX000055_2006|2006-09-27	2006.7369863013698	0.014807100222917568	4.421322216899056E-4
KX000147_2006|2006-08-08	2006.6	0.014628727022917568	2.8771885389239707E-4
KX000198_2006|2006-09-15	2006.704109589041	0.014893802522917568	5.345848814185122E-4
KX000175_2006|2006-08-03	2006.5863013698631	0.01489563862291757	5.570264371125584E-4
KX000068_2006|2006-08-03	2006.5863013698631	0.014714408322917568	3.7579613711255684E-4
KJ469643_2005|2005	2005.725	0.014360651522917567	1.7268678208539646E-4
KX000104_2006|2006-09-19	2006.7150684931507	0.014360651522917567	-4.829051576723392E-7
KX000207_2006|2006-09-19	2006.7150684931507	0.014537024722917567	1.7589029484232736E-4
KX000170_2005|2005-07-19	2005.545205479452	0.014270970222917569	1.1445276185107107E-4
KX000199_2005|2005-08-21	2005.6356164383562	0.014269970222917568	9.763927259745682E-5
KX000077_2005|2005-09-24	2005.7287671232878	0.014356651522917567	1.680278866998102E-4
KX000165_2005|2005-09-28	2005.7397260273972	0.014799215822917567	6.086754001236264E-4
KX000098_2005|2005-07-19	2005.545205479452	0.014267970222917568	1.1145276185106981E-4
KX000052_2005|2005-08-18	2005.627397260274	0.014356651522917567	1.8575816252960724E-4
KX000136_2005|2005-08-19	2005.6301369863013	0.014534045722917568	3.6267316588557696E-4
KX000214_2004|2004-09-09	2004.688524590164	0.014266970222917568	2.6029205346717564E-4
KX000193_2003|2003-09-16	2003.7068493150684	0.014266970222917568	4.3199371000768837E-4
KX000130_2004|2004-09-24	2004.7295081967213	0.014443343422917568	4.2949694301317766E-4
KX000124_2004|2004-10-10	2004.7732240437158	0.014532035322917568	5.105426451955542E-4
KX000192_2004|2004-08-20	2004.6338797814208	0.014534077322917569	5.369569007391915E-4
KX000152_2004|2004-09-21	2004.72131147541	0.014621758622917569	6.093458051039443E-4
KX000100_2004|2004-08-19	2004.6311475409836	0.014709450522917568	7.128079881027604E-4
KX000203_2004|2004-07-30	2004.5765027322404	0.014264970222917568	2.7788543537477645E-4
KX000141_2004|2004-09-14	2004.7021857923498	0.014353662122917568	3.4459451664915763E-4
KX000119_2003|2003-09-25	2003.731506849315	0.014262970222917568	4.236809402112327E-4
KX000061_2004|2004-08-17	2004.6256830601094	0.014261970222917567	2.6628346282995576E-4
KU840349_2002|2002-11-19	2002.8821917808218	0.013729514122917568	3.877579986633593E-5
KU840364_2005|2005-05-19	2005.3780821917808	0.014353922022917567	2.266355571380243E-4
KX000101_2002|2002-10-16	2002.7890410958903	0.013643042322917567	-3.140331423602018E-5
KX000169_2002|2002-10-07	2002.7643835616439	0.013999651422917567	3.295185555603798E-4
KU840329_2003|2003-04-01	2003.2465753424658	0.013465248522917568	-2.8922295379214986E-4
KU840356_2003|2003-06-10	2003.4383561643835	0.013466823822917568	-3.211914188755594E-4
KJ469594_2003|2003	2003.725	0.013466823822917568	-3.7132736775914894E-4
KU840365_1992|1992-06-10	1992.4398907103825	0.012399454522917568	5.351454044876733E-4
HM210093_1992|1992-06-10	1992.4398907103825	0.012399454522917568	5.351454044876733E-4
KJ469607_1990|1990	1990.725	0.011419641322917567	-1.447217917485647E-4
KJ469564_1988|1988	1988.725	0.011686095822917568	4.715462584069449E-4
HM210094_1992|1992-08-17	1992.6256830601094	0.012041516022917568	1.4471056376284298E-4
KU840363_1994|1994-03-27	1994.2328767123288	0.012401923622917569	2.2400910512774576E-4
HM210096_1994|1994-03-27	1994.2328767123288	0.012401923622917569	2.2400910512774576E-4
KJ469602_1996|1996	1996.725	0.013023451722917568	4.0964795778502053E-4
KJ469616_1994|1994	1994.725	0.012221367422917568	-4.2622792059470935E-5
KJ469638_1989|1989	1989.725	0.012578985522917568	0.0011895291833291903
KJ469610_1990|1990	1990.725	0.012932773922917569	0.0013684108082514367
KU840351_2001|2001-10-24	2001.8109589041096	0.014000236422917568	4.968639876893124E-4
KU840307_2005|2005-06-28	2005.4876712328767	0.014533860922917568	3.8740659137607644E-4
KJ469561_2005|2005	2005.725	0.014533860922917568	3.4589618208539716E-4
KU840311_2008|2008-03-19	2008.2131147540983	0.015420411722917568	7.972588544227083E-4
KU840291_1991|1991-08-02	1991.5835616438355	0.012219891922917567	5.053605599227382E-4
KU840354_1994|1994-08-03	1994.5863013698631	0.012849843922917568	6.101130380454442E-4
KJ469577_1994|1994	1994.725	0.012849843922917568	5.858537079405299E-4
KJ469639_1983|1983	1983.725	0.011156069122917568	8.16053433795606E-4
KJ469634_1989|1989	1989.725	0.011330463022917568	-5.8993316670809606E-5
KJ469559_2009|2009	2009.725	0.013380127522917567	-0.0015074643182255657
KJ469587_1983|1983	1983.725	0.011243875622917569	9.038599337956067E-4
KJ469599_1960|1960	1960.725	0.006331409222917569	1.424936058362549E-5
KX000120_1971|1971-08-23	1971.641095890411	0.006646132022917569	-0.0015803269680475665
KX000114_1971|1971-08-28	1971.654794520548	0.006559450722917568	-0.0016694042512677828
KX000078_1971|1971-08-24	1971.6438356164383	0.006647132022917568	-0.0015798061646915993
KJ469617_1979|1979	1979.725	0.00798277282291757	-0.0016576157658934297
KJ469611_1977|1977	1977.725	0.007540261122917569	-0.001750313915737922
KX000089_1933|1933	1933.725	0.0025539837229175684	9.593067876824952E-4
KJ469600_1933|1933	1933.725	0.0017105786770824317	1.1590174184735857E-4
KJ469583_1934|1934	1934.725	0.0015339871770824317	-2.3559653323034033E-4
KJ469566_1935|1935	1935.725	0.0017103603770824319	-2.3413010830809463E-4
KJ469603_1951|1951	1951.725	0.005096823677082432	3.538247904481123E-4
